correlation_penalty_coefficient,ensemble_size,aggregator_type,architecture_index,architecture,loss_test
0.4,8,"arithmetic_mean",0,"{'static_ncl': [{'static_ncl': [{'ensemble_size': 2, 'model_configurations': {'input_size': 13, 'hidden_sizes': [6], 'activation_type': ReLU(), 'activations': None, 'output_size': 1, 'dropout_rate': 0.5, 'dropout_indices': [0]}, 'model_repository_path': 'data/experiment/recursive/model', 'ensemble_voter': 'arithmetic_mean'}, {'ensemble_size': 2, 'model_configurations': {'input_size': 13, 'hidden_sizes': [6], 'activation_type': ReLU(), 'activations': None, 'output_size': 1, 'dropout_rate': 0.5, 'dropout_indices': [0]}, 'model_repository_path': 'data/experiment/recursive/model', 'ensemble_voter': 'arithmetic_mean'}], 'voter': 'arithmetic_mean'}, {'static_ncl': [{'ensemble_size': 2, 'model_configurations': {'input_size': 13, 'hidden_sizes': [6], 'activation_type': ReLU(), 'activations': None, 'output_size': 1, 'dropout_rate': 0.5, 'dropout_indices': [0]}, 'model_repository_path': 'data/experiment/recursive/model', 'ensemble_voter': 'arithmetic_mean'}, {'ensemble_size': 2, 'model_configurations': {'input_size': 13, 'hidden_sizes': [6], 'activation_type': ReLU(), 'activations': None, 'output_size': 1, 'dropout_rate': 0.5, 'dropout_indices': [0]}, 'model_repository_path': 'data/experiment/recursive/model', 'ensemble_voter': 'arithmetic_mean'}], 'voter': 'arithmetic_mean'}], 'voter': 'arithmetic_mean'}",0.1034310907125473
0.4,8,"arithmetic_mean",1,"{'static_ncl': [{'ensemble_size': 2, 'model_configurations': {'input_size': 13, 'hidden_sizes': [6], 'activation_type': ReLU(), 'activations': None, 'output_size': 1, 'dropout_rate': 0.5, 'dropout_indices': [0]}, 'model_repository_path': 'data/experiment/recursive/model', 'ensemble_voter': 'arithmetic_mean'}, {'ensemble_size': 2, 'model_configurations': {'input_size': 13, 'hidden_sizes': [6], 'activation_type': ReLU(), 'activations': None, 'output_size': 1, 'dropout_rate': 0.5, 'dropout_indices': [0]}, 'model_repository_path': 'data/experiment/recursive/model', 'ensemble_voter': 'arithmetic_mean'}, {'ensemble_size': 2, 'model_configurations': {'input_size': 13, 'hidden_sizes': [6], 'activation_type': ReLU(), 'activations': None, 'output_size': 1, 'dropout_rate': 0.5, 'dropout_indices': [0]}, 'model_repository_path': 'data/experiment/recursive/model', 'ensemble_voter': 'arithmetic_mean'}, {'ensemble_size': 2, 'model_configurations': {'input_size': 13, 'hidden_sizes': [6], 'activation_type': ReLU(), 'activations': None, 'output_size': 1, 'dropout_rate': 0.5, 'dropout_indices': [0]}, 'model_repository_path': 'data/experiment/recursive/model', 'ensemble_voter': 'arithmetic_mean'}], 'voter': 'arithmetic_mean'}",0.1113540530204773
0.4,8,"median",0,"{'static_ncl': [{'static_ncl': [{'ensemble_size': 2, 'model_configurations': {'input_size': 13, 'hidden_sizes': [6], 'activation_type': ReLU(), 'activations': None, 'output_size': 1, 'dropout_rate': 0.5, 'dropout_indices': [0]}, 'model_repository_path': 'data/experiment/recursive/model', 'ensemble_voter': 'median'}, {'ensemble_size': 2, 'model_configurations': {'input_size': 13, 'hidden_sizes': [6], 'activation_type': ReLU(), 'activations': None, 'output_size': 1, 'dropout_rate': 0.5, 'dropout_indices': [0]}, 'model_repository_path': 'data/experiment/recursive/model', 'ensemble_voter': 'median'}], 'voter': 'median'}, {'static_ncl': [{'ensemble_size': 2, 'model_configurations': {'input_size': 13, 'hidden_sizes': [6], 'activation_type': ReLU(), 'activations': None, 'output_size': 1, 'dropout_rate': 0.5, 'dropout_indices': [0]}, 'model_repository_path': 'data/experiment/recursive/model', 'ensemble_voter': 'median'}, {'ensemble_size': 2, 'model_configurations': {'input_size': 13, 'hidden_sizes': [6], 'activation_type': ReLU(), 'activations': None, 'output_size': 1, 'dropout_rate': 0.5, 'dropout_indices': [0]}, 'model_repository_path': 'data/experiment/recursive/model', 'ensemble_voter': 'median'}], 'voter': 'median'}], 'voter': 'median'}",0.16428998112678528
0.4,8,"median",1,"{'static_ncl': [{'ensemble_size': 2, 'model_configurations': {'input_size': 13, 'hidden_sizes': [6], 'activation_type': ReLU(), 'activations': None, 'output_size': 1, 'dropout_rate': 0.5, 'dropout_indices': [0]}, 'model_repository_path': 'data/experiment/recursive/model', 'ensemble_voter': 'median'}, {'ensemble_size': 2, 'model_configurations': {'input_size': 13, 'hidden_sizes': [6], 'activation_type': ReLU(), 'activations': None, 'output_size': 1, 'dropout_rate': 0.5, 'dropout_indices': [0]}, 'model_repository_path': 'data/experiment/recursive/model', 'ensemble_voter': 'median'}, {'ensemble_size': 2, 'model_configurations': {'input_size': 13, 'hidden_sizes': [6], 'activation_type': ReLU(), 'activations': None, 'output_size': 1, 'dropout_rate': 0.5, 'dropout_indices': [0]}, 'model_repository_path': 'data/experiment/recursive/model', 'ensemble_voter': 'median'}, {'ensemble_size': 2, 'model_configurations': {'input_size': 13, 'hidden_sizes': [6], 'activation_type': ReLU(), 'activations': None, 'output_size': 1, 'dropout_rate': 0.5, 'dropout_indices': [0]}, 'model_repository_path': 'data/experiment/recursive/model', 'ensemble_voter': 'median'}], 'voter': 'median'}",0.13269318640232086
0.4,8,"nn",0,"{'static_ncl': [{'static_ncl': [{'ensemble_size': 2, 'model_configurations': {'input_size': 13, 'hidden_sizes': [6], 'activation_type': ReLU(), 'activations': None, 'output_size': 1, 'dropout_rate': 0.5, 'dropout_indices': [0]}, 'model_repository_path': 'data/experiment/recursive/model', 'ensemble_voter': 'nn'}, {'ensemble_size': 2, 'model_configurations': {'input_size': 13, 'hidden_sizes': [6], 'activation_type': ReLU(), 'activations': None, 'output_size': 1, 'dropout_rate': 0.5, 'dropout_indices': [0]}, 'model_repository_path': 'data/experiment/recursive/model', 'ensemble_voter': 'nn'}], 'voter': 'nn'}, {'static_ncl': [{'ensemble_size': 2, 'model_configurations': {'input_size': 13, 'hidden_sizes': [6], 'activation_type': ReLU(), 'activations': None, 'output_size': 1, 'dropout_rate': 0.5, 'dropout_indices': [0]}, 'model_repository_path': 'data/experiment/recursive/model', 'ensemble_voter': 'nn'}, {'ensemble_size': 2, 'model_configurations': {'input_size': 13, 'hidden_sizes': [6], 'activation_type': ReLU(), 'activations': None, 'output_size': 1, 'dropout_rate': 0.5, 'dropout_indices': [0]}, 'model_repository_path': 'data/experiment/recursive/model', 'ensemble_voter': 'nn'}], 'voter': 'nn'}], 'voter': 'nn'}",0.22106048464775085
0.4,8,"nn",1,"{'static_ncl': [{'ensemble_size': 2, 'model_configurations': {'input_size': 13, 'hidden_sizes': [6], 'activation_type': ReLU(), 'activations': None, 'output_size': 1, 'dropout_rate': 0.5, 'dropout_indices': [0]}, 'model_repository_path': 'data/experiment/recursive/model', 'ensemble_voter': 'nn'}, {'ensemble_size': 2, 'model_configurations': {'input_size': 13, 'hidden_sizes': [6], 'activation_type': ReLU(), 'activations': None, 'output_size': 1, 'dropout_rate': 0.5, 'dropout_indices': [0]}, 'model_repository_path': 'data/experiment/recursive/model', 'ensemble_voter': 'nn'}, {'ensemble_size': 2, 'model_configurations': {'input_size': 13, 'hidden_sizes': [6], 'activation_type': ReLU(), 'activations': None, 'output_size': 1, 'dropout_rate': 0.5, 'dropout_indices': [0]}, 'model_repository_path': 'data/experiment/recursive/model', 'ensemble_voter': 'nn'}, {'ensemble_size': 2, 'model_configurations': {'input_size': 13, 'hidden_sizes': [6], 'activation_type': ReLU(), 'activations': None, 'output_size': 1, 'dropout_rate': 0.5, 'dropout_indices': [0]}, 'model_repository_path': 'data/experiment/recursive/model', 'ensemble_voter': 'nn'}], 'voter': 'nn'}",0.1374063789844513
0.4,16,"arithmetic_mean",0,"{'static_ncl': [{'static_ncl': [{'ensemble_size': 4, 'model_configurations': {'input_size': 13, 'hidden_sizes': [6], 'activation_type': ReLU(), 'activations': None, 'output_size': 1, 'dropout_rate': 0.5, 'dropout_indices': [0]}, 'model_repository_path': 'data/experiment/recursive/model', 'ensemble_voter': 'arithmetic_mean'}, {'ensemble_size': 4, 'model_configurations': {'input_size': 13, 'hidden_sizes': [6], 'activation_type': ReLU(), 'activations': None, 'output_size': 1, 'dropout_rate': 0.5, 'dropout_indices': [0]}, 'model_repository_path': 'data/experiment/recursive/model', 'ensemble_voter': 'arithmetic_mean'}], 'voter': 'arithmetic_mean'}, {'static_ncl': [{'ensemble_size': 4, 'model_configurations': {'input_size': 13, 'hidden_sizes': [6], 'activation_type': ReLU(), 'activations': None, 'output_size': 1, 'dropout_rate': 0.5, 'dropout_indices': [0]}, 'model_repository_path': 'data/experiment/recursive/model', 'ensemble_voter': 'arithmetic_mean'}, {'ensemble_size': 4, 'model_configurations': {'input_size': 13, 'hidden_sizes': [6], 'activation_type': ReLU(), 'activations': None, 'output_size': 1, 'dropout_rate': 0.5, 'dropout_indices': [0]}, 'model_repository_path': 'data/experiment/recursive/model', 'ensemble_voter': 'arithmetic_mean'}], 'voter': 'arithmetic_mean'}], 'voter': 'arithmetic_mean'}",0.09540896862745285
0.4,16,"arithmetic_mean",1,"{'static_ncl': [{'ensemble_size': 4, 'model_configurations': {'input_size': 13, 'hidden_sizes': [6], 'activation_type': ReLU(), 'activations': None, 'output_size': 1, 'dropout_rate': 0.5, 'dropout_indices': [0]}, 'model_repository_path': 'data/experiment/recursive/model', 'ensemble_voter': 'arithmetic_mean'}, {'ensemble_size': 4, 'model_configurations': {'input_size': 13, 'hidden_sizes': [6], 'activation_type': ReLU(), 'activations': None, 'output_size': 1, 'dropout_rate': 0.5, 'dropout_indices': [0]}, 'model_repository_path': 'data/experiment/recursive/model', 'ensemble_voter': 'arithmetic_mean'}, {'ensemble_size': 4, 'model_configurations': {'input_size': 13, 'hidden_sizes': [6], 'activation_type': ReLU(), 'activations': None, 'output_size': 1, 'dropout_rate': 0.5, 'dropout_indices': [0]}, 'model_repository_path': 'data/experiment/recursive/model', 'ensemble_voter': 'arithmetic_mean'}, {'ensemble_size': 4, 'model_configurations': {'input_size': 13, 'hidden_sizes': [6], 'activation_type': ReLU(), 'activations': None, 'output_size': 1, 'dropout_rate': 0.5, 'dropout_indices': [0]}, 'model_repository_path': 'data/experiment/recursive/model', 'ensemble_voter': 'arithmetic_mean'}], 'voter': 'arithmetic_mean'}",0.10721587389707565
0.4,16,"median",0,"{'static_ncl': [{'static_ncl': [{'ensemble_size': 4, 'model_configurations': {'input_size': 13, 'hidden_sizes': [6], 'activation_type': ReLU(), 'activations': None, 'output_size': 1, 'dropout_rate': 0.5, 'dropout_indices': [0]}, 'model_repository_path': 'data/experiment/recursive/model', 'ensemble_voter': 'median'}, {'ensemble_size': 4, 'model_configurations': {'input_size': 13, 'hidden_sizes': [6], 'activation_type': ReLU(), 'activations': None, 'output_size': 1, 'dropout_rate': 0.5, 'dropout_indices': [0]}, 'model_repository_path': 'data/experiment/recursive/model', 'ensemble_voter': 'median'}], 'voter': 'median'}, {'static_ncl': [{'ensemble_size': 4, 'model_configurations': {'input_size': 13, 'hidden_sizes': [6], 'activation_type': ReLU(), 'activations': None, 'output_size': 1, 'dropout_rate': 0.5, 'dropout_indices': [0]}, 'model_repository_path': 'data/experiment/recursive/model', 'ensemble_voter': 'median'}, {'ensemble_size': 4, 'model_configurations': {'input_size': 13, 'hidden_sizes': [6], 'activation_type': ReLU(), 'activations': None, 'output_size': 1, 'dropout_rate': 0.5, 'dropout_indices': [0]}, 'model_repository_path': 'data/experiment/recursive/model', 'ensemble_voter': 'median'}], 'voter': 'median'}], 'voter': 'median'}",0.12753631174564362
0.4,16,"median",1,"{'static_ncl': [{'ensemble_size': 4, 'model_configurations': {'input_size': 13, 'hidden_sizes': [6], 'activation_type': ReLU(), 'activations': None, 'output_size': 1, 'dropout_rate': 0.5, 'dropout_indices': [0]}, 'model_repository_path': 'data/experiment/recursive/model', 'ensemble_voter': 'median'}, {'ensemble_size': 4, 'model_configurations': {'input_size': 13, 'hidden_sizes': [6], 'activation_type': ReLU(), 'activations': None, 'output_size': 1, 'dropout_rate': 0.5, 'dropout_indices': [0]}, 'model_repository_path': 'data/experiment/recursive/model', 'ensemble_voter': 'median'}, {'ensemble_size': 4, 'model_configurations': {'input_size': 13, 'hidden_sizes': [6], 'activation_type': ReLU(), 'activations': None, 'output_size': 1, 'dropout_rate': 0.5, 'dropout_indices': [0]}, 'model_repository_path': 'data/experiment/recursive/model', 'ensemble_voter': 'median'}, {'ensemble_size': 4, 'model_configurations': {'input_size': 13, 'hidden_sizes': [6], 'activation_type': ReLU(), 'activations': None, 'output_size': 1, 'dropout_rate': 0.5, 'dropout_indices': [0]}, 'model_repository_path': 'data/experiment/recursive/model', 'ensemble_voter': 'median'}], 'voter': 'median'}",0.11280721426010132
0.4,16,"nn",0,"{'static_ncl': [{'static_ncl': [{'ensemble_size': 4, 'model_configurations': {'input_size': 13, 'hidden_sizes': [6], 'activation_type': ReLU(), 'activations': None, 'output_size': 1, 'dropout_rate': 0.5, 'dropout_indices': [0]}, 'model_repository_path': 'data/experiment/recursive/model', 'ensemble_voter': 'nn'}, {'ensemble_size': 4, 'model_configurations': {'input_size': 13, 'hidden_sizes': [6], 'activation_type': ReLU(), 'activations': None, 'output_size': 1, 'dropout_rate': 0.5, 'dropout_indices': [0]}, 'model_repository_path': 'data/experiment/recursive/model', 'ensemble_voter': 'nn'}], 'voter': 'nn'}, {'static_ncl': [{'ensemble_size': 4, 'model_configurations': {'input_size': 13, 'hidden_sizes': [6], 'activation_type': ReLU(), 'activations': None, 'output_size': 1, 'dropout_rate': 0.5, 'dropout_indices': [0]}, 'model_repository_path': 'data/experiment/recursive/model', 'ensemble_voter': 'nn'}, {'ensemble_size': 4, 'model_configurations': {'input_size': 13, 'hidden_sizes': [6], 'activation_type': ReLU(), 'activations': None, 'output_size': 1, 'dropout_rate': 0.5, 'dropout_indices': [0]}, 'model_repository_path': 'data/experiment/recursive/model', 'ensemble_voter': 'nn'}], 'voter': 'nn'}], 'voter': 'nn'}",0.21194367110729218
0.4,16,"nn",1,"{'static_ncl': [{'ensemble_size': 4, 'model_configurations': {'input_size': 13, 'hidden_sizes': [6], 'activation_type': ReLU(), 'activations': None, 'output_size': 1, 'dropout_rate': 0.5, 'dropout_indices': [0]}, 'model_repository_path': 'data/experiment/recursive/model', 'ensemble_voter': 'nn'}, {'ensemble_size': 4, 'model_configurations': {'input_size': 13, 'hidden_sizes': [6], 'activation_type': ReLU(), 'activations': None, 'output_size': 1, 'dropout_rate': 0.5, 'dropout_indices': [0]}, 'model_repository_path': 'data/experiment/recursive/model', 'ensemble_voter': 'nn'}, {'ensemble_size': 4, 'model_configurations': {'input_size': 13, 'hidden_sizes': [6], 'activation_type': ReLU(), 'activations': None, 'output_size': 1, 'dropout_rate': 0.5, 'dropout_indices': [0]}, 'model_repository_path': 'data/experiment/recursive/model', 'ensemble_voter': 'nn'}, {'ensemble_size': 4, 'model_configurations': {'input_size': 13, 'hidden_sizes': [6], 'activation_type': ReLU(), 'activations': None, 'output_size': 1, 'dropout_rate': 0.5, 'dropout_indices': [0]}, 'model_repository_path': 'data/experiment/recursive/model', 'ensemble_voter': 'nn'}], 'voter': 'nn'}",0.3366847038269043
0.5,8,"arithmetic_mean",0,"{'static_ncl': [{'static_ncl': [{'ensemble_size': 2, 'model_configurations': {'input_size': 13, 'hidden_sizes': [6], 'activation_type': ReLU(), 'activations': None, 'output_size': 1, 'dropout_rate': 0.5, 'dropout_indices': [0]}, 'model_repository_path': 'data/experiment/recursive/model', 'ensemble_voter': 'arithmetic_mean'}, {'ensemble_size': 2, 'model_configurations': {'input_size': 13, 'hidden_sizes': [6], 'activation_type': ReLU(), 'activations': None, 'output_size': 1, 'dropout_rate': 0.5, 'dropout_indices': [0]}, 'model_repository_path': 'data/experiment/recursive/model', 'ensemble_voter': 'arithmetic_mean'}], 'voter': 'arithmetic_mean'}, {'static_ncl': [{'ensemble_size': 2, 'model_configurations': {'input_size': 13, 'hidden_sizes': [6], 'activation_type': ReLU(), 'activations': None, 'output_size': 1, 'dropout_rate': 0.5, 'dropout_indices': [0]}, 'model_repository_path': 'data/experiment/recursive/model', 'ensemble_voter': 'arithmetic_mean'}, {'ensemble_size': 2, 'model_configurations': {'input_size': 13, 'hidden_sizes': [6], 'activation_type': ReLU(), 'activations': None, 'output_size': 1, 'dropout_rate': 0.5, 'dropout_indices': [0]}, 'model_repository_path': 'data/experiment/recursive/model', 'ensemble_voter': 'arithmetic_mean'}], 'voter': 'arithmetic_mean'}], 'voter': 'arithmetic_mean'}",0.11268455535173416
0.5,8,"arithmetic_mean",1,"{'static_ncl': [{'ensemble_size': 2, 'model_configurations': {'input_size': 13, 'hidden_sizes': [6], 'activation_type': ReLU(), 'activations': None, 'output_size': 1, 'dropout_rate': 0.5, 'dropout_indices': [0]}, 'model_repository_path': 'data/experiment/recursive/model', 'ensemble_voter': 'arithmetic_mean'}, {'ensemble_size': 2, 'model_configurations': {'input_size': 13, 'hidden_sizes': [6], 'activation_type': ReLU(), 'activations': None, 'output_size': 1, 'dropout_rate': 0.5, 'dropout_indices': [0]}, 'model_repository_path': 'data/experiment/recursive/model', 'ensemble_voter': 'arithmetic_mean'}, {'ensemble_size': 2, 'model_configurations': {'input_size': 13, 'hidden_sizes': [6], 'activation_type': ReLU(), 'activations': None, 'output_size': 1, 'dropout_rate': 0.5, 'dropout_indices': [0]}, 'model_repository_path': 'data/experiment/recursive/model', 'ensemble_voter': 'arithmetic_mean'}, {'ensemble_size': 2, 'model_configurations': {'input_size': 13, 'hidden_sizes': [6], 'activation_type': ReLU(), 'activations': None, 'output_size': 1, 'dropout_rate': 0.5, 'dropout_indices': [0]}, 'model_repository_path': 'data/experiment/recursive/model', 'ensemble_voter': 'arithmetic_mean'}], 'voter': 'arithmetic_mean'}",0.09311800450086594
0.5,8,"median",0,"{'static_ncl': [{'static_ncl': [{'ensemble_size': 2, 'model_configurations': {'input_size': 13, 'hidden_sizes': [6], 'activation_type': ReLU(), 'activations': None, 'output_size': 1, 'dropout_rate': 0.5, 'dropout_indices': [0]}, 'model_repository_path': 'data/experiment/recursive/model', 'ensemble_voter': 'median'}, {'ensemble_size': 2, 'model_configurations': {'input_size': 13, 'hidden_sizes': [6], 'activation_type': ReLU(), 'activations': None, 'output_size': 1, 'dropout_rate': 0.5, 'dropout_indices': [0]}, 'model_repository_path': 'data/experiment/recursive/model', 'ensemble_voter': 'median'}], 'voter': 'median'}, {'static_ncl': [{'ensemble_size': 2, 'model_configurations': {'input_size': 13, 'hidden_sizes': [6], 'activation_type': ReLU(), 'activations': None, 'output_size': 1, 'dropout_rate': 0.5, 'dropout_indices': [0]}, 'model_repository_path': 'data/experiment/recursive/model', 'ensemble_voter': 'median'}, {'ensemble_size': 2, 'model_configurations': {'input_size': 13, 'hidden_sizes': [6], 'activation_type': ReLU(), 'activations': None, 'output_size': 1, 'dropout_rate': 0.5, 'dropout_indices': [0]}, 'model_repository_path': 'data/experiment/recursive/model', 'ensemble_voter': 'median'}], 'voter': 'median'}], 'voter': 'median'}",0.18193009495735168
0.5,8,"median",1,"{'static_ncl': [{'ensemble_size': 2, 'model_configurations': {'input_size': 13, 'hidden_sizes': [6], 'activation_type': ReLU(), 'activations': None, 'output_size': 1, 'dropout_rate': 0.5, 'dropout_indices': [0]}, 'model_repository_path': 'data/experiment/recursive/model', 'ensemble_voter': 'median'}, {'ensemble_size': 2, 'model_configurations': {'input_size': 13, 'hidden_sizes': [6], 'activation_type': ReLU(), 'activations': None, 'output_size': 1, 'dropout_rate': 0.5, 'dropout_indices': [0]}, 'model_repository_path': 'data/experiment/recursive/model', 'ensemble_voter': 'median'}, {'ensemble_size': 2, 'model_configurations': {'input_size': 13, 'hidden_sizes': [6], 'activation_type': ReLU(), 'activations': None, 'output_size': 1, 'dropout_rate': 0.5, 'dropout_indices': [0]}, 'model_repository_path': 'data/experiment/recursive/model', 'ensemble_voter': 'median'}, {'ensemble_size': 2, 'model_configurations': {'input_size': 13, 'hidden_sizes': [6], 'activation_type': ReLU(), 'activations': None, 'output_size': 1, 'dropout_rate': 0.5, 'dropout_indices': [0]}, 'model_repository_path': 'data/experiment/recursive/model', 'ensemble_voter': 'median'}], 'voter': 'median'}",0.12967011332511902
0.5,8,"nn",0,"{'static_ncl': [{'static_ncl': [{'ensemble_size': 2, 'model_configurations': {'input_size': 13, 'hidden_sizes': [6], 'activation_type': ReLU(), 'activations': None, 'output_size': 1, 'dropout_rate': 0.5, 'dropout_indices': [0]}, 'model_repository_path': 'data/experiment/recursive/model', 'ensemble_voter': 'nn'}, {'ensemble_size': 2, 'model_configurations': {'input_size': 13, 'hidden_sizes': [6], 'activation_type': ReLU(), 'activations': None, 'output_size': 1, 'dropout_rate': 0.5, 'dropout_indices': [0]}, 'model_repository_path': 'data/experiment/recursive/model', 'ensemble_voter': 'nn'}], 'voter': 'nn'}, {'static_ncl': [{'ensemble_size': 2, 'model_configurations': {'input_size': 13, 'hidden_sizes': [6], 'activation_type': ReLU(), 'activations': None, 'output_size': 1, 'dropout_rate': 0.5, 'dropout_indices': [0]}, 'model_repository_path': 'data/experiment/recursive/model', 'ensemble_voter': 'nn'}, {'ensemble_size': 2, 'model_configurations': {'input_size': 13, 'hidden_sizes': [6], 'activation_type': ReLU(), 'activations': None, 'output_size': 1, 'dropout_rate': 0.5, 'dropout_indices': [0]}, 'model_repository_path': 'data/experiment/recursive/model', 'ensemble_voter': 'nn'}], 'voter': 'nn'}], 'voter': 'nn'}",0.12662389874458313
0.5,8,"nn",1,"{'static_ncl': [{'ensemble_size': 2, 'model_configurations': {'input_size': 13, 'hidden_sizes': [6], 'activation_type': ReLU(), 'activations': None, 'output_size': 1, 'dropout_rate': 0.5, 'dropout_indices': [0]}, 'model_repository_path': 'data/experiment/recursive/model', 'ensemble_voter': 'nn'}, {'ensemble_size': 2, 'model_configurations': {'input_size': 13, 'hidden_sizes': [6], 'activation_type': ReLU(), 'activations': None, 'output_size': 1, 'dropout_rate': 0.5, 'dropout_indices': [0]}, 'model_repository_path': 'data/experiment/recursive/model', 'ensemble_voter': 'nn'}, {'ensemble_size': 2, 'model_configurations': {'input_size': 13, 'hidden_sizes': [6], 'activation_type': ReLU(), 'activations': None, 'output_size': 1, 'dropout_rate': 0.5, 'dropout_indices': [0]}, 'model_repository_path': 'data/experiment/recursive/model', 'ensemble_voter': 'nn'}, {'ensemble_size': 2, 'model_configurations': {'input_size': 13, 'hidden_sizes': [6], 'activation_type': ReLU(), 'activations': None, 'output_size': 1, 'dropout_rate': 0.5, 'dropout_indices': [0]}, 'model_repository_path': 'data/experiment/recursive/model', 'ensemble_voter': 'nn'}], 'voter': 'nn'}",0.07751306891441345
0.5,16,"arithmetic_mean",0,"{'static_ncl': [{'static_ncl': [{'ensemble_size': 4, 'model_configurations': {'input_size': 13, 'hidden_sizes': [6], 'activation_type': ReLU(), 'activations': None, 'output_size': 1, 'dropout_rate': 0.5, 'dropout_indices': [0]}, 'model_repository_path': 'data/experiment/recursive/model', 'ensemble_voter': 'arithmetic_mean'}, {'ensemble_size': 4, 'model_configurations': {'input_size': 13, 'hidden_sizes': [6], 'activation_type': ReLU(), 'activations': None, 'output_size': 1, 'dropout_rate': 0.5, 'dropout_indices': [0]}, 'model_repository_path': 'data/experiment/recursive/model', 'ensemble_voter': 'arithmetic_mean'}], 'voter': 'arithmetic_mean'}, {'static_ncl': [{'ensemble_size': 4, 'model_configurations': {'input_size': 13, 'hidden_sizes': [6], 'activation_type': ReLU(), 'activations': None, 'output_size': 1, 'dropout_rate': 0.5, 'dropout_indices': [0]}, 'model_repository_path': 'data/experiment/recursive/model', 'ensemble_voter': 'arithmetic_mean'}, {'ensemble_size': 4, 'model_configurations': {'input_size': 13, 'hidden_sizes': [6], 'activation_type': ReLU(), 'activations': None, 'output_size': 1, 'dropout_rate': 0.5, 'dropout_indices': [0]}, 'model_repository_path': 'data/experiment/recursive/model', 'ensemble_voter': 'arithmetic_mean'}], 'voter': 'arithmetic_mean'}], 'voter': 'arithmetic_mean'}",0.09910887479782104
0.5,16,"arithmetic_mean",1,"{'static_ncl': [{'ensemble_size': 4, 'model_configurations': {'input_size': 13, 'hidden_sizes': [6], 'activation_type': ReLU(), 'activations': None, 'output_size': 1, 'dropout_rate': 0.5, 'dropout_indices': [0]}, 'model_repository_path': 'data/experiment/recursive/model', 'ensemble_voter': 'arithmetic_mean'}, {'ensemble_size': 4, 'model_configurations': {'input_size': 13, 'hidden_sizes': [6], 'activation_type': ReLU(), 'activations': None, 'output_size': 1, 'dropout_rate': 0.5, 'dropout_indices': [0]}, 'model_repository_path': 'data/experiment/recursive/model', 'ensemble_voter': 'arithmetic_mean'}, {'ensemble_size': 4, 'model_configurations': {'input_size': 13, 'hidden_sizes': [6], 'activation_type': ReLU(), 'activations': None, 'output_size': 1, 'dropout_rate': 0.5, 'dropout_indices': [0]}, 'model_repository_path': 'data/experiment/recursive/model', 'ensemble_voter': 'arithmetic_mean'}, {'ensemble_size': 4, 'model_configurations': {'input_size': 13, 'hidden_sizes': [6], 'activation_type': ReLU(), 'activations': None, 'output_size': 1, 'dropout_rate': 0.5, 'dropout_indices': [0]}, 'model_repository_path': 'data/experiment/recursive/model', 'ensemble_voter': 'arithmetic_mean'}], 'voter': 'arithmetic_mean'}",0.10249016433954239
0.5,16,"median",0,"{'static_ncl': [{'static_ncl': [{'ensemble_size': 4, 'model_configurations': {'input_size': 13, 'hidden_sizes': [6], 'activation_type': ReLU(), 'activations': None, 'output_size': 1, 'dropout_rate': 0.5, 'dropout_indices': [0]}, 'model_repository_path': 'data/experiment/recursive/model', 'ensemble_voter': 'median'}, {'ensemble_size': 4, 'model_configurations': {'input_size': 13, 'hidden_sizes': [6], 'activation_type': ReLU(), 'activations': None, 'output_size': 1, 'dropout_rate': 0.5, 'dropout_indices': [0]}, 'model_repository_path': 'data/experiment/recursive/model', 'ensemble_voter': 'median'}], 'voter': 'median'}, {'static_ncl': [{'ensemble_size': 4, 'model_configurations': {'input_size': 13, 'hidden_sizes': [6], 'activation_type': ReLU(), 'activations': None, 'output_size': 1, 'dropout_rate': 0.5, 'dropout_indices': [0]}, 'model_repository_path': 'data/experiment/recursive/model', 'ensemble_voter': 'median'}, {'ensemble_size': 4, 'model_configurations': {'input_size': 13, 'hidden_sizes': [6], 'activation_type': ReLU(), 'activations': None, 'output_size': 1, 'dropout_rate': 0.5, 'dropout_indices': [0]}, 'model_repository_path': 'data/experiment/recursive/model', 'ensemble_voter': 'median'}], 'voter': 'median'}], 'voter': 'median'}",0.12068258970975876
0.5,16,"median",1,"{'static_ncl': [{'ensemble_size': 4, 'model_configurations': {'input_size': 13, 'hidden_sizes': [6], 'activation_type': ReLU(), 'activations': None, 'output_size': 1, 'dropout_rate': 0.5, 'dropout_indices': [0]}, 'model_repository_path': 'data/experiment/recursive/model', 'ensemble_voter': 'median'}, {'ensemble_size': 4, 'model_configurations': {'input_size': 13, 'hidden_sizes': [6], 'activation_type': ReLU(), 'activations': None, 'output_size': 1, 'dropout_rate': 0.5, 'dropout_indices': [0]}, 'model_repository_path': 'data/experiment/recursive/model', 'ensemble_voter': 'median'}, {'ensemble_size': 4, 'model_configurations': {'input_size': 13, 'hidden_sizes': [6], 'activation_type': ReLU(), 'activations': None, 'output_size': 1, 'dropout_rate': 0.5, 'dropout_indices': [0]}, 'model_repository_path': 'data/experiment/recursive/model', 'ensemble_voter': 'median'}, {'ensemble_size': 4, 'model_configurations': {'input_size': 13, 'hidden_sizes': [6], 'activation_type': ReLU(), 'activations': None, 'output_size': 1, 'dropout_rate': 0.5, 'dropout_indices': [0]}, 'model_repository_path': 'data/experiment/recursive/model', 'ensemble_voter': 'median'}], 'voter': 'median'}",0.1129559725522995
0.5,16,"nn",0,"{'static_ncl': [{'static_ncl': [{'ensemble_size': 4, 'model_configurations': {'input_size': 13, 'hidden_sizes': [6], 'activation_type': ReLU(), 'activations': None, 'output_size': 1, 'dropout_rate': 0.5, 'dropout_indices': [0]}, 'model_repository_path': 'data/experiment/recursive/model', 'ensemble_voter': 'nn'}, {'ensemble_size': 4, 'model_configurations': {'input_size': 13, 'hidden_sizes': [6], 'activation_type': ReLU(), 'activations': None, 'output_size': 1, 'dropout_rate': 0.5, 'dropout_indices': [0]}, 'model_repository_path': 'data/experiment/recursive/model', 'ensemble_voter': 'nn'}], 'voter': 'nn'}, {'static_ncl': [{'ensemble_size': 4, 'model_configurations': {'input_size': 13, 'hidden_sizes': [6], 'activation_type': ReLU(), 'activations': None, 'output_size': 1, 'dropout_rate': 0.5, 'dropout_indices': [0]}, 'model_repository_path': 'data/experiment/recursive/model', 'ensemble_voter': 'nn'}, {'ensemble_size': 4, 'model_configurations': {'input_size': 13, 'hidden_sizes': [6], 'activation_type': ReLU(), 'activations': None, 'output_size': 1, 'dropout_rate': 0.5, 'dropout_indices': [0]}, 'model_repository_path': 'data/experiment/recursive/model', 'ensemble_voter': 'nn'}], 'voter': 'nn'}], 'voter': 'nn'}",0.19073764979839325
0.5,16,"nn",1,"{'static_ncl': [{'ensemble_size': 4, 'model_configurations': {'input_size': 13, 'hidden_sizes': [6], 'activation_type': ReLU(), 'activations': None, 'output_size': 1, 'dropout_rate': 0.5, 'dropout_indices': [0]}, 'model_repository_path': 'data/experiment/recursive/model', 'ensemble_voter': 'nn'}, {'ensemble_size': 4, 'model_configurations': {'input_size': 13, 'hidden_sizes': [6], 'activation_type': ReLU(), 'activations': None, 'output_size': 1, 'dropout_rate': 0.5, 'dropout_indices': [0]}, 'model_repository_path': 'data/experiment/recursive/model', 'ensemble_voter': 'nn'}, {'ensemble_size': 4, 'model_configurations': {'input_size': 13, 'hidden_sizes': [6], 'activation_type': ReLU(), 'activations': None, 'output_size': 1, 'dropout_rate': 0.5, 'dropout_indices': [0]}, 'model_repository_path': 'data/experiment/recursive/model', 'ensemble_voter': 'nn'}, {'ensemble_size': 4, 'model_configurations': {'input_size': 13, 'hidden_sizes': [6], 'activation_type': ReLU(), 'activations': None, 'output_size': 1, 'dropout_rate': 0.5, 'dropout_indices': [0]}, 'model_repository_path': 'data/experiment/recursive/model', 'ensemble_voter': 'nn'}], 'voter': 'nn'}",0.12200628966093063
0.6,8,"arithmetic_mean",0,"{'static_ncl': [{'static_ncl': [{'ensemble_size': 2, 'model_configurations': {'input_size': 13, 'hidden_sizes': [6], 'activation_type': ReLU(), 'activations': None, 'output_size': 1, 'dropout_rate': 0.5, 'dropout_indices': [0]}, 'model_repository_path': 'data/experiment/recursive/model', 'ensemble_voter': 'arithmetic_mean'}, {'ensemble_size': 2, 'model_configurations': {'input_size': 13, 'hidden_sizes': [6], 'activation_type': ReLU(), 'activations': None, 'output_size': 1, 'dropout_rate': 0.5, 'dropout_indices': [0]}, 'model_repository_path': 'data/experiment/recursive/model', 'ensemble_voter': 'arithmetic_mean'}], 'voter': 'arithmetic_mean'}, {'static_ncl': [{'ensemble_size': 2, 'model_configurations': {'input_size': 13, 'hidden_sizes': [6], 'activation_type': ReLU(), 'activations': None, 'output_size': 1, 'dropout_rate': 0.5, 'dropout_indices': [0]}, 'model_repository_path': 'data/experiment/recursive/model', 'ensemble_voter': 'arithmetic_mean'}, {'ensemble_size': 2, 'model_configurations': {'input_size': 13, 'hidden_sizes': [6], 'activation_type': ReLU(), 'activations': None, 'output_size': 1, 'dropout_rate': 0.5, 'dropout_indices': [0]}, 'model_repository_path': 'data/experiment/recursive/model', 'ensemble_voter': 'arithmetic_mean'}], 'voter': 'arithmetic_mean'}], 'voter': 'arithmetic_mean'}",0.09393108636140823
0.6,8,"arithmetic_mean",1,"{'static_ncl': [{'ensemble_size': 2, 'model_configurations': {'input_size': 13, 'hidden_sizes': [6], 'activation_type': ReLU(), 'activations': None, 'output_size': 1, 'dropout_rate': 0.5, 'dropout_indices': [0]}, 'model_repository_path': 'data/experiment/recursive/model', 'ensemble_voter': 'arithmetic_mean'}, {'ensemble_size': 2, 'model_configurations': {'input_size': 13, 'hidden_sizes': [6], 'activation_type': ReLU(), 'activations': None, 'output_size': 1, 'dropout_rate': 0.5, 'dropout_indices': [0]}, 'model_repository_path': 'data/experiment/recursive/model', 'ensemble_voter': 'arithmetic_mean'}, {'ensemble_size': 2, 'model_configurations': {'input_size': 13, 'hidden_sizes': [6], 'activation_type': ReLU(), 'activations': None, 'output_size': 1, 'dropout_rate': 0.5, 'dropout_indices': [0]}, 'model_repository_path': 'data/experiment/recursive/model', 'ensemble_voter': 'arithmetic_mean'}, {'ensemble_size': 2, 'model_configurations': {'input_size': 13, 'hidden_sizes': [6], 'activation_type': ReLU(), 'activations': None, 'output_size': 1, 'dropout_rate': 0.5, 'dropout_indices': [0]}, 'model_repository_path': 'data/experiment/recursive/model', 'ensemble_voter': 'arithmetic_mean'}], 'voter': 'arithmetic_mean'}",0.10521963983774185
0.6,8,"median",0,"{'static_ncl': [{'static_ncl': [{'ensemble_size': 2, 'model_configurations': {'input_size': 13, 'hidden_sizes': [6], 'activation_type': ReLU(), 'activations': None, 'output_size': 1, 'dropout_rate': 0.5, 'dropout_indices': [0]}, 'model_repository_path': 'data/experiment/recursive/model', 'ensemble_voter': 'median'}, {'ensemble_size': 2, 'model_configurations': {'input_size': 13, 'hidden_sizes': [6], 'activation_type': ReLU(), 'activations': None, 'output_size': 1, 'dropout_rate': 0.5, 'dropout_indices': [0]}, 'model_repository_path': 'data/experiment/recursive/model', 'ensemble_voter': 'median'}], 'voter': 'median'}, {'static_ncl': [{'ensemble_size': 2, 'model_configurations': {'input_size': 13, 'hidden_sizes': [6], 'activation_type': ReLU(), 'activations': None, 'output_size': 1, 'dropout_rate': 0.5, 'dropout_indices': [0]}, 'model_repository_path': 'data/experiment/recursive/model', 'ensemble_voter': 'median'}, {'ensemble_size': 2, 'model_configurations': {'input_size': 13, 'hidden_sizes': [6], 'activation_type': ReLU(), 'activations': None, 'output_size': 1, 'dropout_rate': 0.5, 'dropout_indices': [0]}, 'model_repository_path': 'data/experiment/recursive/model', 'ensemble_voter': 'median'}], 'voter': 'median'}], 'voter': 'median'}",0.20704469084739685
0.6,8,"median",1,"{'static_ncl': [{'ensemble_size': 2, 'model_configurations': {'input_size': 13, 'hidden_sizes': [6], 'activation_type': ReLU(), 'activations': None, 'output_size': 1, 'dropout_rate': 0.5, 'dropout_indices': [0]}, 'model_repository_path': 'data/experiment/recursive/model', 'ensemble_voter': 'median'}, {'ensemble_size': 2, 'model_configurations': {'input_size': 13, 'hidden_sizes': [6], 'activation_type': ReLU(), 'activations': None, 'output_size': 1, 'dropout_rate': 0.5, 'dropout_indices': [0]}, 'model_repository_path': 'data/experiment/recursive/model', 'ensemble_voter': 'median'}, {'ensemble_size': 2, 'model_configurations': {'input_size': 13, 'hidden_sizes': [6], 'activation_type': ReLU(), 'activations': None, 'output_size': 1, 'dropout_rate': 0.5, 'dropout_indices': [0]}, 'model_repository_path': 'data/experiment/recursive/model', 'ensemble_voter': 'median'}, {'ensemble_size': 2, 'model_configurations': {'input_size': 13, 'hidden_sizes': [6], 'activation_type': ReLU(), 'activations': None, 'output_size': 1, 'dropout_rate': 0.5, 'dropout_indices': [0]}, 'model_repository_path': 'data/experiment/recursive/model', 'ensemble_voter': 'median'}], 'voter': 'median'}",0.11475285142660141
0.6,8,"nn",0,"{'static_ncl': [{'static_ncl': [{'ensemble_size': 2, 'model_configurations': {'input_size': 13, 'hidden_sizes': [6], 'activation_type': ReLU(), 'activations': None, 'output_size': 1, 'dropout_rate': 0.5, 'dropout_indices': [0]}, 'model_repository_path': 'data/experiment/recursive/model', 'ensemble_voter': 'nn'}, {'ensemble_size': 2, 'model_configurations': {'input_size': 13, 'hidden_sizes': [6], 'activation_type': ReLU(), 'activations': None, 'output_size': 1, 'dropout_rate': 0.5, 'dropout_indices': [0]}, 'model_repository_path': 'data/experiment/recursive/model', 'ensemble_voter': 'nn'}], 'voter': 'nn'}, {'static_ncl': [{'ensemble_size': 2, 'model_configurations': {'input_size': 13, 'hidden_sizes': [6], 'activation_type': ReLU(), 'activations': None, 'output_size': 1, 'dropout_rate': 0.5, 'dropout_indices': [0]}, 'model_repository_path': 'data/experiment/recursive/model', 'ensemble_voter': 'nn'}, {'ensemble_size': 2, 'model_configurations': {'input_size': 13, 'hidden_sizes': [6], 'activation_type': ReLU(), 'activations': None, 'output_size': 1, 'dropout_rate': 0.5, 'dropout_indices': [0]}, 'model_repository_path': 'data/experiment/recursive/model', 'ensemble_voter': 'nn'}], 'voter': 'nn'}], 'voter': 'nn'}",0.5893755555152893
0.6,8,"nn",1,"{'static_ncl': [{'ensemble_size': 2, 'model_configurations': {'input_size': 13, 'hidden_sizes': [6], 'activation_type': ReLU(), 'activations': None, 'output_size': 1, 'dropout_rate': 0.5, 'dropout_indices': [0]}, 'model_repository_path': 'data/experiment/recursive/model', 'ensemble_voter': 'nn'}, {'ensemble_size': 2, 'model_configurations': {'input_size': 13, 'hidden_sizes': [6], 'activation_type': ReLU(), 'activations': None, 'output_size': 1, 'dropout_rate': 0.5, 'dropout_indices': [0]}, 'model_repository_path': 'data/experiment/recursive/model', 'ensemble_voter': 'nn'}, {'ensemble_size': 2, 'model_configurations': {'input_size': 13, 'hidden_sizes': [6], 'activation_type': ReLU(), 'activations': None, 'output_size': 1, 'dropout_rate': 0.5, 'dropout_indices': [0]}, 'model_repository_path': 'data/experiment/recursive/model', 'ensemble_voter': 'nn'}, {'ensemble_size': 2, 'model_configurations': {'input_size': 13, 'hidden_sizes': [6], 'activation_type': ReLU(), 'activations': None, 'output_size': 1, 'dropout_rate': 0.5, 'dropout_indices': [0]}, 'model_repository_path': 'data/experiment/recursive/model', 'ensemble_voter': 'nn'}], 'voter': 'nn'}",0.1340373009443283
0.6,16,"arithmetic_mean",0,"{'static_ncl': [{'static_ncl': [{'ensemble_size': 4, 'model_configurations': {'input_size': 13, 'hidden_sizes': [6], 'activation_type': ReLU(), 'activations': None, 'output_size': 1, 'dropout_rate': 0.5, 'dropout_indices': [0]}, 'model_repository_path': 'data/experiment/recursive/model', 'ensemble_voter': 'arithmetic_mean'}, {'ensemble_size': 4, 'model_configurations': {'input_size': 13, 'hidden_sizes': [6], 'activation_type': ReLU(), 'activations': None, 'output_size': 1, 'dropout_rate': 0.5, 'dropout_indices': [0]}, 'model_repository_path': 'data/experiment/recursive/model', 'ensemble_voter': 'arithmetic_mean'}], 'voter': 'arithmetic_mean'}, {'static_ncl': [{'ensemble_size': 4, 'model_configurations': {'input_size': 13, 'hidden_sizes': [6], 'activation_type': ReLU(), 'activations': None, 'output_size': 1, 'dropout_rate': 0.5, 'dropout_indices': [0]}, 'model_repository_path': 'data/experiment/recursive/model', 'ensemble_voter': 'arithmetic_mean'}, {'ensemble_size': 4, 'model_configurations': {'input_size': 13, 'hidden_sizes': [6], 'activation_type': ReLU(), 'activations': None, 'output_size': 1, 'dropout_rate': 0.5, 'dropout_indices': [0]}, 'model_repository_path': 'data/experiment/recursive/model', 'ensemble_voter': 'arithmetic_mean'}], 'voter': 'arithmetic_mean'}], 'voter': 'arithmetic_mean'}",0.09521251171827316
0.6,16,"arithmetic_mean",1,"{'static_ncl': [{'ensemble_size': 4, 'model_configurations': {'input_size': 13, 'hidden_sizes': [6], 'activation_type': ReLU(), 'activations': None, 'output_size': 1, 'dropout_rate': 0.5, 'dropout_indices': [0]}, 'model_repository_path': 'data/experiment/recursive/model', 'ensemble_voter': 'arithmetic_mean'}, {'ensemble_size': 4, 'model_configurations': {'input_size': 13, 'hidden_sizes': [6], 'activation_type': ReLU(), 'activations': None, 'output_size': 1, 'dropout_rate': 0.5, 'dropout_indices': [0]}, 'model_repository_path': 'data/experiment/recursive/model', 'ensemble_voter': 'arithmetic_mean'}, {'ensemble_size': 4, 'model_configurations': {'input_size': 13, 'hidden_sizes': [6], 'activation_type': ReLU(), 'activations': None, 'output_size': 1, 'dropout_rate': 0.5, 'dropout_indices': [0]}, 'model_repository_path': 'data/experiment/recursive/model', 'ensemble_voter': 'arithmetic_mean'}, {'ensemble_size': 4, 'model_configurations': {'input_size': 13, 'hidden_sizes': [6], 'activation_type': ReLU(), 'activations': None, 'output_size': 1, 'dropout_rate': 0.5, 'dropout_indices': [0]}, 'model_repository_path': 'data/experiment/recursive/model', 'ensemble_voter': 'arithmetic_mean'}], 'voter': 'arithmetic_mean'}",0.08548400551080704
0.6,16,"median",0,"{'static_ncl': [{'static_ncl': [{'ensemble_size': 4, 'model_configurations': {'input_size': 13, 'hidden_sizes': [6], 'activation_type': ReLU(), 'activations': None, 'output_size': 1, 'dropout_rate': 0.5, 'dropout_indices': [0]}, 'model_repository_path': 'data/experiment/recursive/model', 'ensemble_voter': 'median'}, {'ensemble_size': 4, 'model_configurations': {'input_size': 13, 'hidden_sizes': [6], 'activation_type': ReLU(), 'activations': None, 'output_size': 1, 'dropout_rate': 0.5, 'dropout_indices': [0]}, 'model_repository_path': 'data/experiment/recursive/model', 'ensemble_voter': 'median'}], 'voter': 'median'}, {'static_ncl': [{'ensemble_size': 4, 'model_configurations': {'input_size': 13, 'hidden_sizes': [6], 'activation_type': ReLU(), 'activations': None, 'output_size': 1, 'dropout_rate': 0.5, 'dropout_indices': [0]}, 'model_repository_path': 'data/experiment/recursive/model', 'ensemble_voter': 'median'}, {'ensemble_size': 4, 'model_configurations': {'input_size': 13, 'hidden_sizes': [6], 'activation_type': ReLU(), 'activations': None, 'output_size': 1, 'dropout_rate': 0.5, 'dropout_indices': [0]}, 'model_repository_path': 'data/experiment/recursive/model', 'ensemble_voter': 'median'}], 'voter': 'median'}], 'voter': 'median'}",0.122959665954113
0.6,16,"median",1,"{'static_ncl': [{'ensemble_size': 4, 'model_configurations': {'input_size': 13, 'hidden_sizes': [6], 'activation_type': ReLU(), 'activations': None, 'output_size': 1, 'dropout_rate': 0.5, 'dropout_indices': [0]}, 'model_repository_path': 'data/experiment/recursive/model', 'ensemble_voter': 'median'}, {'ensemble_size': 4, 'model_configurations': {'input_size': 13, 'hidden_sizes': [6], 'activation_type': ReLU(), 'activations': None, 'output_size': 1, 'dropout_rate': 0.5, 'dropout_indices': [0]}, 'model_repository_path': 'data/experiment/recursive/model', 'ensemble_voter': 'median'}, {'ensemble_size': 4, 'model_configurations': {'input_size': 13, 'hidden_sizes': [6], 'activation_type': ReLU(), 'activations': None, 'output_size': 1, 'dropout_rate': 0.5, 'dropout_indices': [0]}, 'model_repository_path': 'data/experiment/recursive/model', 'ensemble_voter': 'median'}, {'ensemble_size': 4, 'model_configurations': {'input_size': 13, 'hidden_sizes': [6], 'activation_type': ReLU(), 'activations': None, 'output_size': 1, 'dropout_rate': 0.5, 'dropout_indices': [0]}, 'model_repository_path': 'data/experiment/recursive/model', 'ensemble_voter': 'median'}], 'voter': 'median'}",0.11093997210264206
0.6,16,"nn",0,"{'static_ncl': [{'static_ncl': [{'ensemble_size': 4, 'model_configurations': {'input_size': 13, 'hidden_sizes': [6], 'activation_type': ReLU(), 'activations': None, 'output_size': 1, 'dropout_rate': 0.5, 'dropout_indices': [0]}, 'model_repository_path': 'data/experiment/recursive/model', 'ensemble_voter': 'nn'}, {'ensemble_size': 4, 'model_configurations': {'input_size': 13, 'hidden_sizes': [6], 'activation_type': ReLU(), 'activations': None, 'output_size': 1, 'dropout_rate': 0.5, 'dropout_indices': [0]}, 'model_repository_path': 'data/experiment/recursive/model', 'ensemble_voter': 'nn'}], 'voter': 'nn'}, {'static_ncl': [{'ensemble_size': 4, 'model_configurations': {'input_size': 13, 'hidden_sizes': [6], 'activation_type': ReLU(), 'activations': None, 'output_size': 1, 'dropout_rate': 0.5, 'dropout_indices': [0]}, 'model_repository_path': 'data/experiment/recursive/model', 'ensemble_voter': 'nn'}, {'ensemble_size': 4, 'model_configurations': {'input_size': 13, 'hidden_sizes': [6], 'activation_type': ReLU(), 'activations': None, 'output_size': 1, 'dropout_rate': 0.5, 'dropout_indices': [0]}, 'model_repository_path': 'data/experiment/recursive/model', 'ensemble_voter': 'nn'}], 'voter': 'nn'}], 'voter': 'nn'}",0.22156010568141937
0.6,16,"nn",1,"{'static_ncl': [{'ensemble_size': 4, 'model_configurations': {'input_size': 13, 'hidden_sizes': [6], 'activation_type': ReLU(), 'activations': None, 'output_size': 1, 'dropout_rate': 0.5, 'dropout_indices': [0]}, 'model_repository_path': 'data/experiment/recursive/model', 'ensemble_voter': 'nn'}, {'ensemble_size': 4, 'model_configurations': {'input_size': 13, 'hidden_sizes': [6], 'activation_type': ReLU(), 'activations': None, 'output_size': 1, 'dropout_rate': 0.5, 'dropout_indices': [0]}, 'model_repository_path': 'data/experiment/recursive/model', 'ensemble_voter': 'nn'}, {'ensemble_size': 4, 'model_configurations': {'input_size': 13, 'hidden_sizes': [6], 'activation_type': ReLU(), 'activations': None, 'output_size': 1, 'dropout_rate': 0.5, 'dropout_indices': [0]}, 'model_repository_path': 'data/experiment/recursive/model', 'ensemble_voter': 'nn'}, {'ensemble_size': 4, 'model_configurations': {'input_size': 13, 'hidden_sizes': [6], 'activation_type': ReLU(), 'activations': None, 'output_size': 1, 'dropout_rate': 0.5, 'dropout_indices': [0]}, 'model_repository_path': 'data/experiment/recursive/model', 'ensemble_voter': 'nn'}], 'voter': 'nn'}",0.1747521311044693
0.7,8,"arithmetic_mean",0,"{'static_ncl': [{'static_ncl': [{'ensemble_size': 2, 'model_configurations': {'input_size': 13, 'hidden_sizes': [6], 'activation_type': ReLU(), 'activations': None, 'output_size': 1, 'dropout_rate': 0.5, 'dropout_indices': [0]}, 'model_repository_path': 'data/experiment/recursive/model', 'ensemble_voter': 'arithmetic_mean'}, {'ensemble_size': 2, 'model_configurations': {'input_size': 13, 'hidden_sizes': [6], 'activation_type': ReLU(), 'activations': None, 'output_size': 1, 'dropout_rate': 0.5, 'dropout_indices': [0]}, 'model_repository_path': 'data/experiment/recursive/model', 'ensemble_voter': 'arithmetic_mean'}], 'voter': 'arithmetic_mean'}, {'static_ncl': [{'ensemble_size': 2, 'model_configurations': {'input_size': 13, 'hidden_sizes': [6], 'activation_type': ReLU(), 'activations': None, 'output_size': 1, 'dropout_rate': 0.5, 'dropout_indices': [0]}, 'model_repository_path': 'data/experiment/recursive/model', 'ensemble_voter': 'arithmetic_mean'}, {'ensemble_size': 2, 'model_configurations': {'input_size': 13, 'hidden_sizes': [6], 'activation_type': ReLU(), 'activations': None, 'output_size': 1, 'dropout_rate': 0.5, 'dropout_indices': [0]}, 'model_repository_path': 'data/experiment/recursive/model', 'ensemble_voter': 'arithmetic_mean'}], 'voter': 'arithmetic_mean'}], 'voter': 'arithmetic_mean'}",0.09248124063014984
0.7,8,"arithmetic_mean",1,"{'static_ncl': [{'ensemble_size': 2, 'model_configurations': {'input_size': 13, 'hidden_sizes': [6], 'activation_type': ReLU(), 'activations': None, 'output_size': 1, 'dropout_rate': 0.5, 'dropout_indices': [0]}, 'model_repository_path': 'data/experiment/recursive/model', 'ensemble_voter': 'arithmetic_mean'}, {'ensemble_size': 2, 'model_configurations': {'input_size': 13, 'hidden_sizes': [6], 'activation_type': ReLU(), 'activations': None, 'output_size': 1, 'dropout_rate': 0.5, 'dropout_indices': [0]}, 'model_repository_path': 'data/experiment/recursive/model', 'ensemble_voter': 'arithmetic_mean'}, {'ensemble_size': 2, 'model_configurations': {'input_size': 13, 'hidden_sizes': [6], 'activation_type': ReLU(), 'activations': None, 'output_size': 1, 'dropout_rate': 0.5, 'dropout_indices': [0]}, 'model_repository_path': 'data/experiment/recursive/model', 'ensemble_voter': 'arithmetic_mean'}, {'ensemble_size': 2, 'model_configurations': {'input_size': 13, 'hidden_sizes': [6], 'activation_type': ReLU(), 'activations': None, 'output_size': 1, 'dropout_rate': 0.5, 'dropout_indices': [0]}, 'model_repository_path': 'data/experiment/recursive/model', 'ensemble_voter': 'arithmetic_mean'}], 'voter': 'arithmetic_mean'}",0.10147637128829956
0.7,8,"median",0,"{'static_ncl': [{'static_ncl': [{'ensemble_size': 2, 'model_configurations': {'input_size': 13, 'hidden_sizes': [6], 'activation_type': ReLU(), 'activations': None, 'output_size': 1, 'dropout_rate': 0.5, 'dropout_indices': [0]}, 'model_repository_path': 'data/experiment/recursive/model', 'ensemble_voter': 'median'}, {'ensemble_size': 2, 'model_configurations': {'input_size': 13, 'hidden_sizes': [6], 'activation_type': ReLU(), 'activations': None, 'output_size': 1, 'dropout_rate': 0.5, 'dropout_indices': [0]}, 'model_repository_path': 'data/experiment/recursive/model', 'ensemble_voter': 'median'}], 'voter': 'median'}, {'static_ncl': [{'ensemble_size': 2, 'model_configurations': {'input_size': 13, 'hidden_sizes': [6], 'activation_type': ReLU(), 'activations': None, 'output_size': 1, 'dropout_rate': 0.5, 'dropout_indices': [0]}, 'model_repository_path': 'data/experiment/recursive/model', 'ensemble_voter': 'median'}, {'ensemble_size': 2, 'model_configurations': {'input_size': 13, 'hidden_sizes': [6], 'activation_type': ReLU(), 'activations': None, 'output_size': 1, 'dropout_rate': 0.5, 'dropout_indices': [0]}, 'model_repository_path': 'data/experiment/recursive/model', 'ensemble_voter': 'median'}], 'voter': 'median'}], 'voter': 'median'}",0.2050824910402298
0.7,8,"median",1,"{'static_ncl': [{'ensemble_size': 2, 'model_configurations': {'input_size': 13, 'hidden_sizes': [6], 'activation_type': ReLU(), 'activations': None, 'output_size': 1, 'dropout_rate': 0.5, 'dropout_indices': [0]}, 'model_repository_path': 'data/experiment/recursive/model', 'ensemble_voter': 'median'}, {'ensemble_size': 2, 'model_configurations': {'input_size': 13, 'hidden_sizes': [6], 'activation_type': ReLU(), 'activations': None, 'output_size': 1, 'dropout_rate': 0.5, 'dropout_indices': [0]}, 'model_repository_path': 'data/experiment/recursive/model', 'ensemble_voter': 'median'}, {'ensemble_size': 2, 'model_configurations': {'input_size': 13, 'hidden_sizes': [6], 'activation_type': ReLU(), 'activations': None, 'output_size': 1, 'dropout_rate': 0.5, 'dropout_indices': [0]}, 'model_repository_path': 'data/experiment/recursive/model', 'ensemble_voter': 'median'}, {'ensemble_size': 2, 'model_configurations': {'input_size': 13, 'hidden_sizes': [6], 'activation_type': ReLU(), 'activations': None, 'output_size': 1, 'dropout_rate': 0.5, 'dropout_indices': [0]}, 'model_repository_path': 'data/experiment/recursive/model', 'ensemble_voter': 'median'}], 'voter': 'median'}",0.1282474398612976
0.7,8,"nn",0,"{'static_ncl': [{'static_ncl': [{'ensemble_size': 2, 'model_configurations': {'input_size': 13, 'hidden_sizes': [6], 'activation_type': ReLU(), 'activations': None, 'output_size': 1, 'dropout_rate': 0.5, 'dropout_indices': [0]}, 'model_repository_path': 'data/experiment/recursive/model', 'ensemble_voter': 'nn'}, {'ensemble_size': 2, 'model_configurations': {'input_size': 13, 'hidden_sizes': [6], 'activation_type': ReLU(), 'activations': None, 'output_size': 1, 'dropout_rate': 0.5, 'dropout_indices': [0]}, 'model_repository_path': 'data/experiment/recursive/model', 'ensemble_voter': 'nn'}], 'voter': 'nn'}, {'static_ncl': [{'ensemble_size': 2, 'model_configurations': {'input_size': 13, 'hidden_sizes': [6], 'activation_type': ReLU(), 'activations': None, 'output_size': 1, 'dropout_rate': 0.5, 'dropout_indices': [0]}, 'model_repository_path': 'data/experiment/recursive/model', 'ensemble_voter': 'nn'}, {'ensemble_size': 2, 'model_configurations': {'input_size': 13, 'hidden_sizes': [6], 'activation_type': ReLU(), 'activations': None, 'output_size': 1, 'dropout_rate': 0.5, 'dropout_indices': [0]}, 'model_repository_path': 'data/experiment/recursive/model', 'ensemble_voter': 'nn'}], 'voter': 'nn'}], 'voter': 'nn'}",0.1346474140882492
0.7,8,"nn",1,"{'static_ncl': [{'ensemble_size': 2, 'model_configurations': {'input_size': 13, 'hidden_sizes': [6], 'activation_type': ReLU(), 'activations': None, 'output_size': 1, 'dropout_rate': 0.5, 'dropout_indices': [0]}, 'model_repository_path': 'data/experiment/recursive/model', 'ensemble_voter': 'nn'}, {'ensemble_size': 2, 'model_configurations': {'input_size': 13, 'hidden_sizes': [6], 'activation_type': ReLU(), 'activations': None, 'output_size': 1, 'dropout_rate': 0.5, 'dropout_indices': [0]}, 'model_repository_path': 'data/experiment/recursive/model', 'ensemble_voter': 'nn'}, {'ensemble_size': 2, 'model_configurations': {'input_size': 13, 'hidden_sizes': [6], 'activation_type': ReLU(), 'activations': None, 'output_size': 1, 'dropout_rate': 0.5, 'dropout_indices': [0]}, 'model_repository_path': 'data/experiment/recursive/model', 'ensemble_voter': 'nn'}, {'ensemble_size': 2, 'model_configurations': {'input_size': 13, 'hidden_sizes': [6], 'activation_type': ReLU(), 'activations': None, 'output_size': 1, 'dropout_rate': 0.5, 'dropout_indices': [0]}, 'model_repository_path': 'data/experiment/recursive/model', 'ensemble_voter': 'nn'}], 'voter': 'nn'}",0.22210022807121277
0.7,16,"arithmetic_mean",0,"{'static_ncl': [{'static_ncl': [{'ensemble_size': 4, 'model_configurations': {'input_size': 13, 'hidden_sizes': [6], 'activation_type': ReLU(), 'activations': None, 'output_size': 1, 'dropout_rate': 0.5, 'dropout_indices': [0]}, 'model_repository_path': 'data/experiment/recursive/model', 'ensemble_voter': 'arithmetic_mean'}, {'ensemble_size': 4, 'model_configurations': {'input_size': 13, 'hidden_sizes': [6], 'activation_type': ReLU(), 'activations': None, 'output_size': 1, 'dropout_rate': 0.5, 'dropout_indices': [0]}, 'model_repository_path': 'data/experiment/recursive/model', 'ensemble_voter': 'arithmetic_mean'}], 'voter': 'arithmetic_mean'}, {'static_ncl': [{'ensemble_size': 4, 'model_configurations': {'input_size': 13, 'hidden_sizes': [6], 'activation_type': ReLU(), 'activations': None, 'output_size': 1, 'dropout_rate': 0.5, 'dropout_indices': [0]}, 'model_repository_path': 'data/experiment/recursive/model', 'ensemble_voter': 'arithmetic_mean'}, {'ensemble_size': 4, 'model_configurations': {'input_size': 13, 'hidden_sizes': [6], 'activation_type': ReLU(), 'activations': None, 'output_size': 1, 'dropout_rate': 0.5, 'dropout_indices': [0]}, 'model_repository_path': 'data/experiment/recursive/model', 'ensemble_voter': 'arithmetic_mean'}], 'voter': 'arithmetic_mean'}], 'voter': 'arithmetic_mean'}",0.07528712600469589
0.7,16,"arithmetic_mean",1,"{'static_ncl': [{'ensemble_size': 4, 'model_configurations': {'input_size': 13, 'hidden_sizes': [6], 'activation_type': ReLU(), 'activations': None, 'output_size': 1, 'dropout_rate': 0.5, 'dropout_indices': [0]}, 'model_repository_path': 'data/experiment/recursive/model', 'ensemble_voter': 'arithmetic_mean'}, {'ensemble_size': 4, 'model_configurations': {'input_size': 13, 'hidden_sizes': [6], 'activation_type': ReLU(), 'activations': None, 'output_size': 1, 'dropout_rate': 0.5, 'dropout_indices': [0]}, 'model_repository_path': 'data/experiment/recursive/model', 'ensemble_voter': 'arithmetic_mean'}, {'ensemble_size': 4, 'model_configurations': {'input_size': 13, 'hidden_sizes': [6], 'activation_type': ReLU(), 'activations': None, 'output_size': 1, 'dropout_rate': 0.5, 'dropout_indices': [0]}, 'model_repository_path': 'data/experiment/recursive/model', 'ensemble_voter': 'arithmetic_mean'}, {'ensemble_size': 4, 'model_configurations': {'input_size': 13, 'hidden_sizes': [6], 'activation_type': ReLU(), 'activations': None, 'output_size': 1, 'dropout_rate': 0.5, 'dropout_indices': [0]}, 'model_repository_path': 'data/experiment/recursive/model', 'ensemble_voter': 'arithmetic_mean'}], 'voter': 'arithmetic_mean'}",0.08164852112531662
0.7,16,"median",0,"{'static_ncl': [{'static_ncl': [{'ensemble_size': 4, 'model_configurations': {'input_size': 13, 'hidden_sizes': [6], 'activation_type': ReLU(), 'activations': None, 'output_size': 1, 'dropout_rate': 0.5, 'dropout_indices': [0]}, 'model_repository_path': 'data/experiment/recursive/model', 'ensemble_voter': 'median'}, {'ensemble_size': 4, 'model_configurations': {'input_size': 13, 'hidden_sizes': [6], 'activation_type': ReLU(), 'activations': None, 'output_size': 1, 'dropout_rate': 0.5, 'dropout_indices': [0]}, 'model_repository_path': 'data/experiment/recursive/model', 'ensemble_voter': 'median'}], 'voter': 'median'}, {'static_ncl': [{'ensemble_size': 4, 'model_configurations': {'input_size': 13, 'hidden_sizes': [6], 'activation_type': ReLU(), 'activations': None, 'output_size': 1, 'dropout_rate': 0.5, 'dropout_indices': [0]}, 'model_repository_path': 'data/experiment/recursive/model', 'ensemble_voter': 'median'}, {'ensemble_size': 4, 'model_configurations': {'input_size': 13, 'hidden_sizes': [6], 'activation_type': ReLU(), 'activations': None, 'output_size': 1, 'dropout_rate': 0.5, 'dropout_indices': [0]}, 'model_repository_path': 'data/experiment/recursive/model', 'ensemble_voter': 'median'}], 'voter': 'median'}], 'voter': 'median'}",0.1411108523607254
0.7,16,"median",1,"{'static_ncl': [{'ensemble_size': 4, 'model_configurations': {'input_size': 13, 'hidden_sizes': [6], 'activation_type': ReLU(), 'activations': None, 'output_size': 1, 'dropout_rate': 0.5, 'dropout_indices': [0]}, 'model_repository_path': 'data/experiment/recursive/model', 'ensemble_voter': 'median'}, {'ensemble_size': 4, 'model_configurations': {'input_size': 13, 'hidden_sizes': [6], 'activation_type': ReLU(), 'activations': None, 'output_size': 1, 'dropout_rate': 0.5, 'dropout_indices': [0]}, 'model_repository_path': 'data/experiment/recursive/model', 'ensemble_voter': 'median'}, {'ensemble_size': 4, 'model_configurations': {'input_size': 13, 'hidden_sizes': [6], 'activation_type': ReLU(), 'activations': None, 'output_size': 1, 'dropout_rate': 0.5, 'dropout_indices': [0]}, 'model_repository_path': 'data/experiment/recursive/model', 'ensemble_voter': 'median'}, {'ensemble_size': 4, 'model_configurations': {'input_size': 13, 'hidden_sizes': [6], 'activation_type': ReLU(), 'activations': None, 'output_size': 1, 'dropout_rate': 0.5, 'dropout_indices': [0]}, 'model_repository_path': 'data/experiment/recursive/model', 'ensemble_voter': 'median'}], 'voter': 'median'}",0.11111859977245331
0.7,16,"nn",0,"{'static_ncl': [{'static_ncl': [{'ensemble_size': 4, 'model_configurations': {'input_size': 13, 'hidden_sizes': [6], 'activation_type': ReLU(), 'activations': None, 'output_size': 1, 'dropout_rate': 0.5, 'dropout_indices': [0]}, 'model_repository_path': 'data/experiment/recursive/model', 'ensemble_voter': 'nn'}, {'ensemble_size': 4, 'model_configurations': {'input_size': 13, 'hidden_sizes': [6], 'activation_type': ReLU(), 'activations': None, 'output_size': 1, 'dropout_rate': 0.5, 'dropout_indices': [0]}, 'model_repository_path': 'data/experiment/recursive/model', 'ensemble_voter': 'nn'}], 'voter': 'nn'}, {'static_ncl': [{'ensemble_size': 4, 'model_configurations': {'input_size': 13, 'hidden_sizes': [6], 'activation_type': ReLU(), 'activations': None, 'output_size': 1, 'dropout_rate': 0.5, 'dropout_indices': [0]}, 'model_repository_path': 'data/experiment/recursive/model', 'ensemble_voter': 'nn'}, {'ensemble_size': 4, 'model_configurations': {'input_size': 13, 'hidden_sizes': [6], 'activation_type': ReLU(), 'activations': None, 'output_size': 1, 'dropout_rate': 0.5, 'dropout_indices': [0]}, 'model_repository_path': 'data/experiment/recursive/model', 'ensemble_voter': 'nn'}], 'voter': 'nn'}], 'voter': 'nn'}",0.15066535770893097
0.7,16,"nn",1,"{'static_ncl': [{'ensemble_size': 4, 'model_configurations': {'input_size': 13, 'hidden_sizes': [6], 'activation_type': ReLU(), 'activations': None, 'output_size': 1, 'dropout_rate': 0.5, 'dropout_indices': [0]}, 'model_repository_path': 'data/experiment/recursive/model', 'ensemble_voter': 'nn'}, {'ensemble_size': 4, 'model_configurations': {'input_size': 13, 'hidden_sizes': [6], 'activation_type': ReLU(), 'activations': None, 'output_size': 1, 'dropout_rate': 0.5, 'dropout_indices': [0]}, 'model_repository_path': 'data/experiment/recursive/model', 'ensemble_voter': 'nn'}, {'ensemble_size': 4, 'model_configurations': {'input_size': 13, 'hidden_sizes': [6], 'activation_type': ReLU(), 'activations': None, 'output_size': 1, 'dropout_rate': 0.5, 'dropout_indices': [0]}, 'model_repository_path': 'data/experiment/recursive/model', 'ensemble_voter': 'nn'}, {'ensemble_size': 4, 'model_configurations': {'input_size': 13, 'hidden_sizes': [6], 'activation_type': ReLU(), 'activations': None, 'output_size': 1, 'dropout_rate': 0.5, 'dropout_indices': [0]}, 'model_repository_path': 'data/experiment/recursive/model', 'ensemble_voter': 'nn'}], 'voter': 'nn'}",0.08483211696147919
0.8,8,"arithmetic_mean",0,"{'static_ncl': [{'static_ncl': [{'ensemble_size': 2, 'model_configurations': {'input_size': 13, 'hidden_sizes': [6], 'activation_type': ReLU(), 'activations': None, 'output_size': 1, 'dropout_rate': 0.5, 'dropout_indices': [0]}, 'model_repository_path': 'data/experiment/recursive/model', 'ensemble_voter': 'arithmetic_mean'}, {'ensemble_size': 2, 'model_configurations': {'input_size': 13, 'hidden_sizes': [6], 'activation_type': ReLU(), 'activations': None, 'output_size': 1, 'dropout_rate': 0.5, 'dropout_indices': [0]}, 'model_repository_path': 'data/experiment/recursive/model', 'ensemble_voter': 'arithmetic_mean'}], 'voter': 'arithmetic_mean'}, {'static_ncl': [{'ensemble_size': 2, 'model_configurations': {'input_size': 13, 'hidden_sizes': [6], 'activation_type': ReLU(), 'activations': None, 'output_size': 1, 'dropout_rate': 0.5, 'dropout_indices': [0]}, 'model_repository_path': 'data/experiment/recursive/model', 'ensemble_voter': 'arithmetic_mean'}, {'ensemble_size': 2, 'model_configurations': {'input_size': 13, 'hidden_sizes': [6], 'activation_type': ReLU(), 'activations': None, 'output_size': 1, 'dropout_rate': 0.5, 'dropout_indices': [0]}, 'model_repository_path': 'data/experiment/recursive/model', 'ensemble_voter': 'arithmetic_mean'}], 'voter': 'arithmetic_mean'}], 'voter': 'arithmetic_mean'}",0.09084834903478622
0.8,8,"arithmetic_mean",1,"{'static_ncl': [{'ensemble_size': 2, 'model_configurations': {'input_size': 13, 'hidden_sizes': [6], 'activation_type': ReLU(), 'activations': None, 'output_size': 1, 'dropout_rate': 0.5, 'dropout_indices': [0]}, 'model_repository_path': 'data/experiment/recursive/model', 'ensemble_voter': 'arithmetic_mean'}, {'ensemble_size': 2, 'model_configurations': {'input_size': 13, 'hidden_sizes': [6], 'activation_type': ReLU(), 'activations': None, 'output_size': 1, 'dropout_rate': 0.5, 'dropout_indices': [0]}, 'model_repository_path': 'data/experiment/recursive/model', 'ensemble_voter': 'arithmetic_mean'}, {'ensemble_size': 2, 'model_configurations': {'input_size': 13, 'hidden_sizes': [6], 'activation_type': ReLU(), 'activations': None, 'output_size': 1, 'dropout_rate': 0.5, 'dropout_indices': [0]}, 'model_repository_path': 'data/experiment/recursive/model', 'ensemble_voter': 'arithmetic_mean'}, {'ensemble_size': 2, 'model_configurations': {'input_size': 13, 'hidden_sizes': [6], 'activation_type': ReLU(), 'activations': None, 'output_size': 1, 'dropout_rate': 0.5, 'dropout_indices': [0]}, 'model_repository_path': 'data/experiment/recursive/model', 'ensemble_voter': 'arithmetic_mean'}], 'voter': 'arithmetic_mean'}",0.08309964835643768
0.8,8,"median",0,"{'static_ncl': [{'static_ncl': [{'ensemble_size': 2, 'model_configurations': {'input_size': 13, 'hidden_sizes': [6], 'activation_type': ReLU(), 'activations': None, 'output_size': 1, 'dropout_rate': 0.5, 'dropout_indices': [0]}, 'model_repository_path': 'data/experiment/recursive/model', 'ensemble_voter': 'median'}, {'ensemble_size': 2, 'model_configurations': {'input_size': 13, 'hidden_sizes': [6], 'activation_type': ReLU(), 'activations': None, 'output_size': 1, 'dropout_rate': 0.5, 'dropout_indices': [0]}, 'model_repository_path': 'data/experiment/recursive/model', 'ensemble_voter': 'median'}], 'voter': 'median'}, {'static_ncl': [{'ensemble_size': 2, 'model_configurations': {'input_size': 13, 'hidden_sizes': [6], 'activation_type': ReLU(), 'activations': None, 'output_size': 1, 'dropout_rate': 0.5, 'dropout_indices': [0]}, 'model_repository_path': 'data/experiment/recursive/model', 'ensemble_voter': 'median'}, {'ensemble_size': 2, 'model_configurations': {'input_size': 13, 'hidden_sizes': [6], 'activation_type': ReLU(), 'activations': None, 'output_size': 1, 'dropout_rate': 0.5, 'dropout_indices': [0]}, 'model_repository_path': 'data/experiment/recursive/model', 'ensemble_voter': 'median'}], 'voter': 'median'}], 'voter': 'median'}",0.19985245168209076
0.8,8,"median",1,"{'static_ncl': [{'ensemble_size': 2, 'model_configurations': {'input_size': 13, 'hidden_sizes': [6], 'activation_type': ReLU(), 'activations': None, 'output_size': 1, 'dropout_rate': 0.5, 'dropout_indices': [0]}, 'model_repository_path': 'data/experiment/recursive/model', 'ensemble_voter': 'median'}, {'ensemble_size': 2, 'model_configurations': {'input_size': 13, 'hidden_sizes': [6], 'activation_type': ReLU(), 'activations': None, 'output_size': 1, 'dropout_rate': 0.5, 'dropout_indices': [0]}, 'model_repository_path': 'data/experiment/recursive/model', 'ensemble_voter': 'median'}, {'ensemble_size': 2, 'model_configurations': {'input_size': 13, 'hidden_sizes': [6], 'activation_type': ReLU(), 'activations': None, 'output_size': 1, 'dropout_rate': 0.5, 'dropout_indices': [0]}, 'model_repository_path': 'data/experiment/recursive/model', 'ensemble_voter': 'median'}, {'ensemble_size': 2, 'model_configurations': {'input_size': 13, 'hidden_sizes': [6], 'activation_type': ReLU(), 'activations': None, 'output_size': 1, 'dropout_rate': 0.5, 'dropout_indices': [0]}, 'model_repository_path': 'data/experiment/recursive/model', 'ensemble_voter': 'median'}], 'voter': 'median'}",0.12661212682724
0.8,8,"nn",0,"{'static_ncl': [{'static_ncl': [{'ensemble_size': 2, 'model_configurations': {'input_size': 13, 'hidden_sizes': [6], 'activation_type': ReLU(), 'activations': None, 'output_size': 1, 'dropout_rate': 0.5, 'dropout_indices': [0]}, 'model_repository_path': 'data/experiment/recursive/model', 'ensemble_voter': 'nn'}, {'ensemble_size': 2, 'model_configurations': {'input_size': 13, 'hidden_sizes': [6], 'activation_type': ReLU(), 'activations': None, 'output_size': 1, 'dropout_rate': 0.5, 'dropout_indices': [0]}, 'model_repository_path': 'data/experiment/recursive/model', 'ensemble_voter': 'nn'}], 'voter': 'nn'}, {'static_ncl': [{'ensemble_size': 2, 'model_configurations': {'input_size': 13, 'hidden_sizes': [6], 'activation_type': ReLU(), 'activations': None, 'output_size': 1, 'dropout_rate': 0.5, 'dropout_indices': [0]}, 'model_repository_path': 'data/experiment/recursive/model', 'ensemble_voter': 'nn'}, {'ensemble_size': 2, 'model_configurations': {'input_size': 13, 'hidden_sizes': [6], 'activation_type': ReLU(), 'activations': None, 'output_size': 1, 'dropout_rate': 0.5, 'dropout_indices': [0]}, 'model_repository_path': 'data/experiment/recursive/model', 'ensemble_voter': 'nn'}], 'voter': 'nn'}], 'voter': 'nn'}",0.24226626753807068
0.8,8,"nn",1,"{'static_ncl': [{'ensemble_size': 2, 'model_configurations': {'input_size': 13, 'hidden_sizes': [6], 'activation_type': ReLU(), 'activations': None, 'output_size': 1, 'dropout_rate': 0.5, 'dropout_indices': [0]}, 'model_repository_path': 'data/experiment/recursive/model', 'ensemble_voter': 'nn'}, {'ensemble_size': 2, 'model_configurations': {'input_size': 13, 'hidden_sizes': [6], 'activation_type': ReLU(), 'activations': None, 'output_size': 1, 'dropout_rate': 0.5, 'dropout_indices': [0]}, 'model_repository_path': 'data/experiment/recursive/model', 'ensemble_voter': 'nn'}, {'ensemble_size': 2, 'model_configurations': {'input_size': 13, 'hidden_sizes': [6], 'activation_type': ReLU(), 'activations': None, 'output_size': 1, 'dropout_rate': 0.5, 'dropout_indices': [0]}, 'model_repository_path': 'data/experiment/recursive/model', 'ensemble_voter': 'nn'}, {'ensemble_size': 2, 'model_configurations': {'input_size': 13, 'hidden_sizes': [6], 'activation_type': ReLU(), 'activations': None, 'output_size': 1, 'dropout_rate': 0.5, 'dropout_indices': [0]}, 'model_repository_path': 'data/experiment/recursive/model', 'ensemble_voter': 'nn'}], 'voter': 'nn'}",0.14883758127689362
0.8,16,"arithmetic_mean",0,"{'static_ncl': [{'static_ncl': [{'ensemble_size': 4, 'model_configurations': {'input_size': 13, 'hidden_sizes': [6], 'activation_type': ReLU(), 'activations': None, 'output_size': 1, 'dropout_rate': 0.5, 'dropout_indices': [0]}, 'model_repository_path': 'data/experiment/recursive/model', 'ensemble_voter': 'arithmetic_mean'}, {'ensemble_size': 4, 'model_configurations': {'input_size': 13, 'hidden_sizes': [6], 'activation_type': ReLU(), 'activations': None, 'output_size': 1, 'dropout_rate': 0.5, 'dropout_indices': [0]}, 'model_repository_path': 'data/experiment/recursive/model', 'ensemble_voter': 'arithmetic_mean'}], 'voter': 'arithmetic_mean'}, {'static_ncl': [{'ensemble_size': 4, 'model_configurations': {'input_size': 13, 'hidden_sizes': [6], 'activation_type': ReLU(), 'activations': None, 'output_size': 1, 'dropout_rate': 0.5, 'dropout_indices': [0]}, 'model_repository_path': 'data/experiment/recursive/model', 'ensemble_voter': 'arithmetic_mean'}, {'ensemble_size': 4, 'model_configurations': {'input_size': 13, 'hidden_sizes': [6], 'activation_type': ReLU(), 'activations': None, 'output_size': 1, 'dropout_rate': 0.5, 'dropout_indices': [0]}, 'model_repository_path': 'data/experiment/recursive/model', 'ensemble_voter': 'arithmetic_mean'}], 'voter': 'arithmetic_mean'}], 'voter': 'arithmetic_mean'}",0.08130373060703278
0.8,16,"arithmetic_mean",1,"{'static_ncl': [{'ensemble_size': 4, 'model_configurations': {'input_size': 13, 'hidden_sizes': [6], 'activation_type': ReLU(), 'activations': None, 'output_size': 1, 'dropout_rate': 0.5, 'dropout_indices': [0]}, 'model_repository_path': 'data/experiment/recursive/model', 'ensemble_voter': 'arithmetic_mean'}, {'ensemble_size': 4, 'model_configurations': {'input_size': 13, 'hidden_sizes': [6], 'activation_type': ReLU(), 'activations': None, 'output_size': 1, 'dropout_rate': 0.5, 'dropout_indices': [0]}, 'model_repository_path': 'data/experiment/recursive/model', 'ensemble_voter': 'arithmetic_mean'}, {'ensemble_size': 4, 'model_configurations': {'input_size': 13, 'hidden_sizes': [6], 'activation_type': ReLU(), 'activations': None, 'output_size': 1, 'dropout_rate': 0.5, 'dropout_indices': [0]}, 'model_repository_path': 'data/experiment/recursive/model', 'ensemble_voter': 'arithmetic_mean'}, {'ensemble_size': 4, 'model_configurations': {'input_size': 13, 'hidden_sizes': [6], 'activation_type': ReLU(), 'activations': None, 'output_size': 1, 'dropout_rate': 0.5, 'dropout_indices': [0]}, 'model_repository_path': 'data/experiment/recursive/model', 'ensemble_voter': 'arithmetic_mean'}], 'voter': 'arithmetic_mean'}",0.08377311378717422
0.8,16,"median",0,"{'static_ncl': [{'static_ncl': [{'ensemble_size': 4, 'model_configurations': {'input_size': 13, 'hidden_sizes': [6], 'activation_type': ReLU(), 'activations': None, 'output_size': 1, 'dropout_rate': 0.5, 'dropout_indices': [0]}, 'model_repository_path': 'data/experiment/recursive/model', 'ensemble_voter': 'median'}, {'ensemble_size': 4, 'model_configurations': {'input_size': 13, 'hidden_sizes': [6], 'activation_type': ReLU(), 'activations': None, 'output_size': 1, 'dropout_rate': 0.5, 'dropout_indices': [0]}, 'model_repository_path': 'data/experiment/recursive/model', 'ensemble_voter': 'median'}], 'voter': 'median'}, {'static_ncl': [{'ensemble_size': 4, 'model_configurations': {'input_size': 13, 'hidden_sizes': [6], 'activation_type': ReLU(), 'activations': None, 'output_size': 1, 'dropout_rate': 0.5, 'dropout_indices': [0]}, 'model_repository_path': 'data/experiment/recursive/model', 'ensemble_voter': 'median'}, {'ensemble_size': 4, 'model_configurations': {'input_size': 13, 'hidden_sizes': [6], 'activation_type': ReLU(), 'activations': None, 'output_size': 1, 'dropout_rate': 0.5, 'dropout_indices': [0]}, 'model_repository_path': 'data/experiment/recursive/model', 'ensemble_voter': 'median'}], 'voter': 'median'}], 'voter': 'median'}",0.16121402382850647
0.8,16,"median",1,"{'static_ncl': [{'ensemble_size': 4, 'model_configurations': {'input_size': 13, 'hidden_sizes': [6], 'activation_type': ReLU(), 'activations': None, 'output_size': 1, 'dropout_rate': 0.5, 'dropout_indices': [0]}, 'model_repository_path': 'data/experiment/recursive/model', 'ensemble_voter': 'median'}, {'ensemble_size': 4, 'model_configurations': {'input_size': 13, 'hidden_sizes': [6], 'activation_type': ReLU(), 'activations': None, 'output_size': 1, 'dropout_rate': 0.5, 'dropout_indices': [0]}, 'model_repository_path': 'data/experiment/recursive/model', 'ensemble_voter': 'median'}, {'ensemble_size': 4, 'model_configurations': {'input_size': 13, 'hidden_sizes': [6], 'activation_type': ReLU(), 'activations': None, 'output_size': 1, 'dropout_rate': 0.5, 'dropout_indices': [0]}, 'model_repository_path': 'data/experiment/recursive/model', 'ensemble_voter': 'median'}, {'ensemble_size': 4, 'model_configurations': {'input_size': 13, 'hidden_sizes': [6], 'activation_type': ReLU(), 'activations': None, 'output_size': 1, 'dropout_rate': 0.5, 'dropout_indices': [0]}, 'model_repository_path': 'data/experiment/recursive/model', 'ensemble_voter': 'median'}], 'voter': 'median'}",0.11819877475500107
0.8,16,"nn",0,"{'static_ncl': [{'static_ncl': [{'ensemble_size': 4, 'model_configurations': {'input_size': 13, 'hidden_sizes': [6], 'activation_type': ReLU(), 'activations': None, 'output_size': 1, 'dropout_rate': 0.5, 'dropout_indices': [0]}, 'model_repository_path': 'data/experiment/recursive/model', 'ensemble_voter': 'nn'}, {'ensemble_size': 4, 'model_configurations': {'input_size': 13, 'hidden_sizes': [6], 'activation_type': ReLU(), 'activations': None, 'output_size': 1, 'dropout_rate': 0.5, 'dropout_indices': [0]}, 'model_repository_path': 'data/experiment/recursive/model', 'ensemble_voter': 'nn'}], 'voter': 'nn'}, {'static_ncl': [{'ensemble_size': 4, 'model_configurations': {'input_size': 13, 'hidden_sizes': [6], 'activation_type': ReLU(), 'activations': None, 'output_size': 1, 'dropout_rate': 0.5, 'dropout_indices': [0]}, 'model_repository_path': 'data/experiment/recursive/model', 'ensemble_voter': 'nn'}, {'ensemble_size': 4, 'model_configurations': {'input_size': 13, 'hidden_sizes': [6], 'activation_type': ReLU(), 'activations': None, 'output_size': 1, 'dropout_rate': 0.5, 'dropout_indices': [0]}, 'model_repository_path': 'data/experiment/recursive/model', 'ensemble_voter': 'nn'}], 'voter': 'nn'}], 'voter': 'nn'}",0.131508931517601
0.8,16,"nn",1,"{'static_ncl': [{'ensemble_size': 4, 'model_configurations': {'input_size': 13, 'hidden_sizes': [6], 'activation_type': ReLU(), 'activations': None, 'output_size': 1, 'dropout_rate': 0.5, 'dropout_indices': [0]}, 'model_repository_path': 'data/experiment/recursive/model', 'ensemble_voter': 'nn'}, {'ensemble_size': 4, 'model_configurations': {'input_size': 13, 'hidden_sizes': [6], 'activation_type': ReLU(), 'activations': None, 'output_size': 1, 'dropout_rate': 0.5, 'dropout_indices': [0]}, 'model_repository_path': 'data/experiment/recursive/model', 'ensemble_voter': 'nn'}, {'ensemble_size': 4, 'model_configurations': {'input_size': 13, 'hidden_sizes': [6], 'activation_type': ReLU(), 'activations': None, 'output_size': 1, 'dropout_rate': 0.5, 'dropout_indices': [0]}, 'model_repository_path': 'data/experiment/recursive/model', 'ensemble_voter': 'nn'}, {'ensemble_size': 4, 'model_configurations': {'input_size': 13, 'hidden_sizes': [6], 'activation_type': ReLU(), 'activations': None, 'output_size': 1, 'dropout_rate': 0.5, 'dropout_indices': [0]}, 'model_repository_path': 'data/experiment/recursive/model', 'ensemble_voter': 'nn'}], 'voter': 'nn'}",0.2340286523103714
0.9,8,"arithmetic_mean",0,"{'static_ncl': [{'static_ncl': [{'ensemble_size': 2, 'model_configurations': {'input_size': 13, 'hidden_sizes': [6], 'activation_type': ReLU(), 'activations': None, 'output_size': 1, 'dropout_rate': 0.5, 'dropout_indices': [0]}, 'model_repository_path': 'data/experiment/recursive/model', 'ensemble_voter': 'arithmetic_mean'}, {'ensemble_size': 2, 'model_configurations': {'input_size': 13, 'hidden_sizes': [6], 'activation_type': ReLU(), 'activations': None, 'output_size': 1, 'dropout_rate': 0.5, 'dropout_indices': [0]}, 'model_repository_path': 'data/experiment/recursive/model', 'ensemble_voter': 'arithmetic_mean'}], 'voter': 'arithmetic_mean'}, {'static_ncl': [{'ensemble_size': 2, 'model_configurations': {'input_size': 13, 'hidden_sizes': [6], 'activation_type': ReLU(), 'activations': None, 'output_size': 1, 'dropout_rate': 0.5, 'dropout_indices': [0]}, 'model_repository_path': 'data/experiment/recursive/model', 'ensemble_voter': 'arithmetic_mean'}, {'ensemble_size': 2, 'model_configurations': {'input_size': 13, 'hidden_sizes': [6], 'activation_type': ReLU(), 'activations': None, 'output_size': 1, 'dropout_rate': 0.5, 'dropout_indices': [0]}, 'model_repository_path': 'data/experiment/recursive/model', 'ensemble_voter': 'arithmetic_mean'}], 'voter': 'arithmetic_mean'}], 'voter': 'arithmetic_mean'}",0.08285889029502869
0.9,8,"arithmetic_mean",1,"{'static_ncl': [{'ensemble_size': 2, 'model_configurations': {'input_size': 13, 'hidden_sizes': [6], 'activation_type': ReLU(), 'activations': None, 'output_size': 1, 'dropout_rate': 0.5, 'dropout_indices': [0]}, 'model_repository_path': 'data/experiment/recursive/model', 'ensemble_voter': 'arithmetic_mean'}, {'ensemble_size': 2, 'model_configurations': {'input_size': 13, 'hidden_sizes': [6], 'activation_type': ReLU(), 'activations': None, 'output_size': 1, 'dropout_rate': 0.5, 'dropout_indices': [0]}, 'model_repository_path': 'data/experiment/recursive/model', 'ensemble_voter': 'arithmetic_mean'}, {'ensemble_size': 2, 'model_configurations': {'input_size': 13, 'hidden_sizes': [6], 'activation_type': ReLU(), 'activations': None, 'output_size': 1, 'dropout_rate': 0.5, 'dropout_indices': [0]}, 'model_repository_path': 'data/experiment/recursive/model', 'ensemble_voter': 'arithmetic_mean'}, {'ensemble_size': 2, 'model_configurations': {'input_size': 13, 'hidden_sizes': [6], 'activation_type': ReLU(), 'activations': None, 'output_size': 1, 'dropout_rate': 0.5, 'dropout_indices': [0]}, 'model_repository_path': 'data/experiment/recursive/model', 'ensemble_voter': 'arithmetic_mean'}], 'voter': 'arithmetic_mean'}",0.09459993243217468
0.9,8,"median",0,"{'static_ncl': [{'static_ncl': [{'ensemble_size': 2, 'model_configurations': {'input_size': 13, 'hidden_sizes': [6], 'activation_type': ReLU(), 'activations': None, 'output_size': 1, 'dropout_rate': 0.5, 'dropout_indices': [0]}, 'model_repository_path': 'data/experiment/recursive/model', 'ensemble_voter': 'median'}, {'ensemble_size': 2, 'model_configurations': {'input_size': 13, 'hidden_sizes': [6], 'activation_type': ReLU(), 'activations': None, 'output_size': 1, 'dropout_rate': 0.5, 'dropout_indices': [0]}, 'model_repository_path': 'data/experiment/recursive/model', 'ensemble_voter': 'median'}], 'voter': 'median'}, {'static_ncl': [{'ensemble_size': 2, 'model_configurations': {'input_size': 13, 'hidden_sizes': [6], 'activation_type': ReLU(), 'activations': None, 'output_size': 1, 'dropout_rate': 0.5, 'dropout_indices': [0]}, 'model_repository_path': 'data/experiment/recursive/model', 'ensemble_voter': 'median'}, {'ensemble_size': 2, 'model_configurations': {'input_size': 13, 'hidden_sizes': [6], 'activation_type': ReLU(), 'activations': None, 'output_size': 1, 'dropout_rate': 0.5, 'dropout_indices': [0]}, 'model_repository_path': 'data/experiment/recursive/model', 'ensemble_voter': 'median'}], 'voter': 'median'}], 'voter': 'median'}",0.21477116644382477
0.9,8,"median",1,"{'static_ncl': [{'ensemble_size': 2, 'model_configurations': {'input_size': 13, 'hidden_sizes': [6], 'activation_type': ReLU(), 'activations': None, 'output_size': 1, 'dropout_rate': 0.5, 'dropout_indices': [0]}, 'model_repository_path': 'data/experiment/recursive/model', 'ensemble_voter': 'median'}, {'ensemble_size': 2, 'model_configurations': {'input_size': 13, 'hidden_sizes': [6], 'activation_type': ReLU(), 'activations': None, 'output_size': 1, 'dropout_rate': 0.5, 'dropout_indices': [0]}, 'model_repository_path': 'data/experiment/recursive/model', 'ensemble_voter': 'median'}, {'ensemble_size': 2, 'model_configurations': {'input_size': 13, 'hidden_sizes': [6], 'activation_type': ReLU(), 'activations': None, 'output_size': 1, 'dropout_rate': 0.5, 'dropout_indices': [0]}, 'model_repository_path': 'data/experiment/recursive/model', 'ensemble_voter': 'median'}, {'ensemble_size': 2, 'model_configurations': {'input_size': 13, 'hidden_sizes': [6], 'activation_type': ReLU(), 'activations': None, 'output_size': 1, 'dropout_rate': 0.5, 'dropout_indices': [0]}, 'model_repository_path': 'data/experiment/recursive/model', 'ensemble_voter': 'median'}], 'voter': 'median'}",0.13297468423843384
0.9,8,"nn",0,"{'static_ncl': [{'static_ncl': [{'ensemble_size': 2, 'model_configurations': {'input_size': 13, 'hidden_sizes': [6], 'activation_type': ReLU(), 'activations': None, 'output_size': 1, 'dropout_rate': 0.5, 'dropout_indices': [0]}, 'model_repository_path': 'data/experiment/recursive/model', 'ensemble_voter': 'nn'}, {'ensemble_size': 2, 'model_configurations': {'input_size': 13, 'hidden_sizes': [6], 'activation_type': ReLU(), 'activations': None, 'output_size': 1, 'dropout_rate': 0.5, 'dropout_indices': [0]}, 'model_repository_path': 'data/experiment/recursive/model', 'ensemble_voter': 'nn'}], 'voter': 'nn'}, {'static_ncl': [{'ensemble_size': 2, 'model_configurations': {'input_size': 13, 'hidden_sizes': [6], 'activation_type': ReLU(), 'activations': None, 'output_size': 1, 'dropout_rate': 0.5, 'dropout_indices': [0]}, 'model_repository_path': 'data/experiment/recursive/model', 'ensemble_voter': 'nn'}, {'ensemble_size': 2, 'model_configurations': {'input_size': 13, 'hidden_sizes': [6], 'activation_type': ReLU(), 'activations': None, 'output_size': 1, 'dropout_rate': 0.5, 'dropout_indices': [0]}, 'model_repository_path': 'data/experiment/recursive/model', 'ensemble_voter': 'nn'}], 'voter': 'nn'}], 'voter': 'nn'}",0.19611848890781403
0.9,8,"nn",1,"{'static_ncl': [{'ensemble_size': 2, 'model_configurations': {'input_size': 13, 'hidden_sizes': [6], 'activation_type': ReLU(), 'activations': None, 'output_size': 1, 'dropout_rate': 0.5, 'dropout_indices': [0]}, 'model_repository_path': 'data/experiment/recursive/model', 'ensemble_voter': 'nn'}, {'ensemble_size': 2, 'model_configurations': {'input_size': 13, 'hidden_sizes': [6], 'activation_type': ReLU(), 'activations': None, 'output_size': 1, 'dropout_rate': 0.5, 'dropout_indices': [0]}, 'model_repository_path': 'data/experiment/recursive/model', 'ensemble_voter': 'nn'}, {'ensemble_size': 2, 'model_configurations': {'input_size': 13, 'hidden_sizes': [6], 'activation_type': ReLU(), 'activations': None, 'output_size': 1, 'dropout_rate': 0.5, 'dropout_indices': [0]}, 'model_repository_path': 'data/experiment/recursive/model', 'ensemble_voter': 'nn'}, {'ensemble_size': 2, 'model_configurations': {'input_size': 13, 'hidden_sizes': [6], 'activation_type': ReLU(), 'activations': None, 'output_size': 1, 'dropout_rate': 0.5, 'dropout_indices': [0]}, 'model_repository_path': 'data/experiment/recursive/model', 'ensemble_voter': 'nn'}], 'voter': 'nn'}",0.10156422108411789
0.9,16,"arithmetic_mean",0,"{'static_ncl': [{'static_ncl': [{'ensemble_size': 4, 'model_configurations': {'input_size': 13, 'hidden_sizes': [6], 'activation_type': ReLU(), 'activations': None, 'output_size': 1, 'dropout_rate': 0.5, 'dropout_indices': [0]}, 'model_repository_path': 'data/experiment/recursive/model', 'ensemble_voter': 'arithmetic_mean'}, {'ensemble_size': 4, 'model_configurations': {'input_size': 13, 'hidden_sizes': [6], 'activation_type': ReLU(), 'activations': None, 'output_size': 1, 'dropout_rate': 0.5, 'dropout_indices': [0]}, 'model_repository_path': 'data/experiment/recursive/model', 'ensemble_voter': 'arithmetic_mean'}], 'voter': 'arithmetic_mean'}, {'static_ncl': [{'ensemble_size': 4, 'model_configurations': {'input_size': 13, 'hidden_sizes': [6], 'activation_type': ReLU(), 'activations': None, 'output_size': 1, 'dropout_rate': 0.5, 'dropout_indices': [0]}, 'model_repository_path': 'data/experiment/recursive/model', 'ensemble_voter': 'arithmetic_mean'}, {'ensemble_size': 4, 'model_configurations': {'input_size': 13, 'hidden_sizes': [6], 'activation_type': ReLU(), 'activations': None, 'output_size': 1, 'dropout_rate': 0.5, 'dropout_indices': [0]}, 'model_repository_path': 'data/experiment/recursive/model', 'ensemble_voter': 'arithmetic_mean'}], 'voter': 'arithmetic_mean'}], 'voter': 'arithmetic_mean'}",0.07938320934772491
0.9,16,"arithmetic_mean",1,"{'static_ncl': [{'ensemble_size': 4, 'model_configurations': {'input_size': 13, 'hidden_sizes': [6], 'activation_type': ReLU(), 'activations': None, 'output_size': 1, 'dropout_rate': 0.5, 'dropout_indices': [0]}, 'model_repository_path': 'data/experiment/recursive/model', 'ensemble_voter': 'arithmetic_mean'}, {'ensemble_size': 4, 'model_configurations': {'input_size': 13, 'hidden_sizes': [6], 'activation_type': ReLU(), 'activations': None, 'output_size': 1, 'dropout_rate': 0.5, 'dropout_indices': [0]}, 'model_repository_path': 'data/experiment/recursive/model', 'ensemble_voter': 'arithmetic_mean'}, {'ensemble_size': 4, 'model_configurations': {'input_size': 13, 'hidden_sizes': [6], 'activation_type': ReLU(), 'activations': None, 'output_size': 1, 'dropout_rate': 0.5, 'dropout_indices': [0]}, 'model_repository_path': 'data/experiment/recursive/model', 'ensemble_voter': 'arithmetic_mean'}, {'ensemble_size': 4, 'model_configurations': {'input_size': 13, 'hidden_sizes': [6], 'activation_type': ReLU(), 'activations': None, 'output_size': 1, 'dropout_rate': 0.5, 'dropout_indices': [0]}, 'model_repository_path': 'data/experiment/recursive/model', 'ensemble_voter': 'arithmetic_mean'}], 'voter': 'arithmetic_mean'}",0.08472926914691925
0.9,16,"median",0,"{'static_ncl': [{'static_ncl': [{'ensemble_size': 4, 'model_configurations': {'input_size': 13, 'hidden_sizes': [6], 'activation_type': ReLU(), 'activations': None, 'output_size': 1, 'dropout_rate': 0.5, 'dropout_indices': [0]}, 'model_repository_path': 'data/experiment/recursive/model', 'ensemble_voter': 'median'}, {'ensemble_size': 4, 'model_configurations': {'input_size': 13, 'hidden_sizes': [6], 'activation_type': ReLU(), 'activations': None, 'output_size': 1, 'dropout_rate': 0.5, 'dropout_indices': [0]}, 'model_repository_path': 'data/experiment/recursive/model', 'ensemble_voter': 'median'}], 'voter': 'median'}, {'static_ncl': [{'ensemble_size': 4, 'model_configurations': {'input_size': 13, 'hidden_sizes': [6], 'activation_type': ReLU(), 'activations': None, 'output_size': 1, 'dropout_rate': 0.5, 'dropout_indices': [0]}, 'model_repository_path': 'data/experiment/recursive/model', 'ensemble_voter': 'median'}, {'ensemble_size': 4, 'model_configurations': {'input_size': 13, 'hidden_sizes': [6], 'activation_type': ReLU(), 'activations': None, 'output_size': 1, 'dropout_rate': 0.5, 'dropout_indices': [0]}, 'model_repository_path': 'data/experiment/recursive/model', 'ensemble_voter': 'median'}], 'voter': 'median'}], 'voter': 'median'}",0.14741942286491394
0.9,16,"median",1,"{'static_ncl': [{'ensemble_size': 4, 'model_configurations': {'input_size': 13, 'hidden_sizes': [6], 'activation_type': ReLU(), 'activations': None, 'output_size': 1, 'dropout_rate': 0.5, 'dropout_indices': [0]}, 'model_repository_path': 'data/experiment/recursive/model', 'ensemble_voter': 'median'}, {'ensemble_size': 4, 'model_configurations': {'input_size': 13, 'hidden_sizes': [6], 'activation_type': ReLU(), 'activations': None, 'output_size': 1, 'dropout_rate': 0.5, 'dropout_indices': [0]}, 'model_repository_path': 'data/experiment/recursive/model', 'ensemble_voter': 'median'}, {'ensemble_size': 4, 'model_configurations': {'input_size': 13, 'hidden_sizes': [6], 'activation_type': ReLU(), 'activations': None, 'output_size': 1, 'dropout_rate': 0.5, 'dropout_indices': [0]}, 'model_repository_path': 'data/experiment/recursive/model', 'ensemble_voter': 'median'}, {'ensemble_size': 4, 'model_configurations': {'input_size': 13, 'hidden_sizes': [6], 'activation_type': ReLU(), 'activations': None, 'output_size': 1, 'dropout_rate': 0.5, 'dropout_indices': [0]}, 'model_repository_path': 'data/experiment/recursive/model', 'ensemble_voter': 'median'}], 'voter': 'median'}",0.11676356941461563
0.9,16,"nn",0,"{'static_ncl': [{'static_ncl': [{'ensemble_size': 4, 'model_configurations': {'input_size': 13, 'hidden_sizes': [6], 'activation_type': ReLU(), 'activations': None, 'output_size': 1, 'dropout_rate': 0.5, 'dropout_indices': [0]}, 'model_repository_path': 'data/experiment/recursive/model', 'ensemble_voter': 'nn'}, {'ensemble_size': 4, 'model_configurations': {'input_size': 13, 'hidden_sizes': [6], 'activation_type': ReLU(), 'activations': None, 'output_size': 1, 'dropout_rate': 0.5, 'dropout_indices': [0]}, 'model_repository_path': 'data/experiment/recursive/model', 'ensemble_voter': 'nn'}], 'voter': 'nn'}, {'static_ncl': [{'ensemble_size': 4, 'model_configurations': {'input_size': 13, 'hidden_sizes': [6], 'activation_type': ReLU(), 'activations': None, 'output_size': 1, 'dropout_rate': 0.5, 'dropout_indices': [0]}, 'model_repository_path': 'data/experiment/recursive/model', 'ensemble_voter': 'nn'}, {'ensemble_size': 4, 'model_configurations': {'input_size': 13, 'hidden_sizes': [6], 'activation_type': ReLU(), 'activations': None, 'output_size': 1, 'dropout_rate': 0.5, 'dropout_indices': [0]}, 'model_repository_path': 'data/experiment/recursive/model', 'ensemble_voter': 'nn'}], 'voter': 'nn'}], 'voter': 'nn'}",0.22077742218971252
0.9,16,"nn",1,"{'static_ncl': [{'ensemble_size': 4, 'model_configurations': {'input_size': 13, 'hidden_sizes': [6], 'activation_type': ReLU(), 'activations': None, 'output_size': 1, 'dropout_rate': 0.5, 'dropout_indices': [0]}, 'model_repository_path': 'data/experiment/recursive/model', 'ensemble_voter': 'nn'}, {'ensemble_size': 4, 'model_configurations': {'input_size': 13, 'hidden_sizes': [6], 'activation_type': ReLU(), 'activations': None, 'output_size': 1, 'dropout_rate': 0.5, 'dropout_indices': [0]}, 'model_repository_path': 'data/experiment/recursive/model', 'ensemble_voter': 'nn'}, {'ensemble_size': 4, 'model_configurations': {'input_size': 13, 'hidden_sizes': [6], 'activation_type': ReLU(), 'activations': None, 'output_size': 1, 'dropout_rate': 0.5, 'dropout_indices': [0]}, 'model_repository_path': 'data/experiment/recursive/model', 'ensemble_voter': 'nn'}, {'ensemble_size': 4, 'model_configurations': {'input_size': 13, 'hidden_sizes': [6], 'activation_type': ReLU(), 'activations': None, 'output_size': 1, 'dropout_rate': 0.5, 'dropout_indices': [0]}, 'model_repository_path': 'data/experiment/recursive/model', 'ensemble_voter': 'nn'}], 'voter': 'nn'}",0.07811886072158813
